INSERT INTO `pages` (`uid`, `pid`, `tstamp`, `crdate`, `deleted`, `hidden`, `starttime`, `endtime`, `fe_group`, `sorting`, `rowDescription`, `editlock`, `sys_language_uid`, `l10n_parent`, `l10n_source`, `l10n_state`, `l10n_diffsource`, `t3ver_oid`, `t3ver_wsid`, `t3ver_state`, `t3ver_stage`, `perms_userid`, `perms_groupid`, `perms_user`, `perms_group`, `perms_everybody`, `SYS_LASTCHANGED`, `shortcut`, `content_from_pid`, `mount_pid`, `tx_impexp_origuid`, `sitemap_priority`, `doktype`, `title`, `slug`, `TSconfig`, `php_tree_stop`, `categories`, `layout`, `extendToSubpages`, `nav_title`, `nav_hide`, `subtitle`, `target`, `url`, `lastUpdated`, `newUntil`, `cache_timeout`, `cache_tags`, `no_search`, `shortcut_mode`, `keywords`, `description`, `abstract`, `author`, `author_email`, `media`, `is_siteroot`, `mount_pid_ol`, `module`, `l18n_cfg`, `backend_layout`, `backend_layout_next_level`, `tsconfig_includes`, `seo_title`, `no_index`, `no_follow`, `sitemap_changefreq`, `canonical_link`, `og_title`, `og_description`, `og_image`, `twitter_title`, `twitter_description`, `twitter_image`, `twitter_card`) VALUES
(1, 0, 1771497534, 1771308340, 0, 0, 0, 0, '', 256, NULL, 0, 0, 0, 0, NULL, 0x7b225453636f6e666967223a22222c226162737472616374223a22222c22617574686f72223a22222c22617574686f725f656d61696c223a22222c226261636b656e645f6c61796f7574223a22222c226261636b656e645f6c61796f75745f6e6578745f6c6576656c223a22222c2263617465676f72696573223a22222c22646f6b74797065223a22222c22656469746c6f636b223a22222c22656e6474696d65223a22222c22657874656e64546f5375627061676573223a22222c2266655f67726f7570223a22222c2268696464656e223a22222c2269735f73697465726f6f74223a22222c226c31386e5f636667223a22222c226c61737455706461746564223a22222c226c61796f7574223a22222c226d65646961223a22222c226e61765f68696465223a22222c226e61765f7469746c65223a22222c226e6577556e74696c223a22222c226e6f5f736561726368223a22222c227068705f747265655f73746f70223a22222c22726f774465736372697074696f6e223a22222c2273686f7274637574223a22222c2273686f72746375745f6d6f6465223a22222c22736c7567223a22222c22737461727474696d65223a22222c227375627469746c65223a22222c22746172676574223a22222c227469746c65223a22222c227473636f6e6669675f696e636c75646573223a22227d, 0, 0, 0, 0, 1, 0, 31, 27, 0, 1771496599, 2, 0, 0, 0, '0.5', 4, 'Home', '/', NULL, 0, 0, 0, 0, '', 0, '', '', '', 0, 0, 0, '', 0, 0, NULL, NULL, NULL, '', '', 0, 1, 0, '', 0, 'pagets__home', '', '', '', 0, 0, '', '', '', NULL, 0, '', NULL, 0, ''),
(2, 1, 1773142392, 1771308939, 0, 0, 0, 0, '', 256, NULL, 0, 0, 0, 0, NULL, 0x7b225453636f6e666967223a22222c226162737472616374223a22222c22617574686f72223a22222c22617574686f725f656d61696c223a22222c226261636b656e645f6c61796f7574223a22222c226261636b656e645f6c61796f75745f6e6578745f6c6576656c223a22222c2263616368655f74616773223a22222c2263616368655f74696d656f7574223a22222c2263616e6f6e6963616c5f6c696e6b223a22222c2263617465676f72696573223a22222c22636f6e74656e745f66726f6d5f706964223a22222c226465736372697074696f6e223a22222c22646f6b74797065223a22222c22656469746c6f636b223a22222c22656e6474696d65223a22222c22657874656e64546f5375627061676573223a22222c2266655f67726f7570223a22222c2268696464656e223a22222c2269735f73697465726f6f74223a22222c226b6579776f726473223a22222c226c31386e5f636667223a22222c226c61737455706461746564223a22222c226c61796f7574223a22222c226d65646961223a22222c226d6f64756c65223a22222c226e61765f68696465223a22222c226e61765f7469746c65223a22222c226e6577556e74696c223a22222c226e6f5f666f6c6c6f77223a22222c226e6f5f696e646578223a22222c226e6f5f736561726368223a22222c226f675f6465736372697074696f6e223a22222c226f675f696d616765223a22222c226f675f7469746c65223a22222c227068705f747265655f73746f70223a22222c22726f774465736372697074696f6e223a22222c2273656f5f7469746c65223a22222c22736974656d61705f6368616e676566726571223a22222c22736974656d61705f7072696f72697479223a22222c22736c7567223a22222c22737461727474696d65223a22222c227375627469746c65223a22222c22746172676574223a22222c227469746c65223a22222c227473636f6e6669675f696e636c75646573223a22222c22747769747465725f63617264223a22222c22747769747465725f6465736372697074696f6e223a22222c22747769747465725f696d616765223a22222c22747769747465725f7469746c65223a22227d, 0, 0, 0, 0, 1, 0, 31, 27, 0, 1773142392, 0, 0, 0, 0, '0.5', 1, 'Home', '/home', NULL, 0, 0, 0, 0, '', 0, '', '', '', 0, 0, 0, '', 0, 0, NULL, 'Discover our modern responsive web design template with clean, professional layouts and parallax effects — perfect for showcasing your digital services and portfolio.', NULL, '', '', 0, 0, 0, '', 0, '', '', '', 'Creative Responsive Web Design & Digital Solutions | Bricker Template', 0, 0, '', '', '', NULL, 0, '', NULL, 0, ''),
(3, 1, 1773142407, 1771308939, 0, 0, 0, 0, '', 512, NULL, 0, 0, 0, 0, NULL, 0x7b225453636f6e666967223a22222c226162737472616374223a22222c22617574686f72223a22222c22617574686f725f656d61696c223a22222c226261636b656e645f6c61796f7574223a22222c226261636b656e645f6c61796f75745f6e6578745f6c6576656c223a22222c2263616368655f74616773223a22222c2263616368655f74696d656f7574223a22222c2263616e6f6e6963616c5f6c696e6b223a22222c2263617465676f72696573223a22222c22636f6e74656e745f66726f6d5f706964223a22222c226465736372697074696f6e223a22222c22646f6b74797065223a22222c22656469746c6f636b223a22222c22656e6474696d65223a22222c22657874656e64546f5375627061676573223a22222c2266655f67726f7570223a22222c2268696464656e223a22222c2269735f73697465726f6f74223a22222c226b6579776f726473223a22222c226c31386e5f636667223a22222c226c61737455706461746564223a22222c226c61796f7574223a22222c226d65646961223a22222c226d6f64756c65223a22222c226e61765f68696465223a22222c226e61765f7469746c65223a22222c226e6577556e74696c223a22222c226e6f5f666f6c6c6f77223a22222c226e6f5f696e646578223a22222c226e6f5f736561726368223a22222c226f675f6465736372697074696f6e223a22222c226f675f696d616765223a22222c226f675f7469746c65223a22222c227068705f747265655f73746f70223a22222c22726f774465736372697074696f6e223a22222c2273656f5f7469746c65223a22222c22736974656d61705f6368616e676566726571223a22222c22736974656d61705f7072696f72697479223a22222c22736c7567223a22222c22737461727474696d65223a22222c227375627469746c65223a22222c22746172676574223a22222c227469746c65223a22222c227473636f6e6669675f696e636c75646573223a22222c22747769747465725f63617264223a22222c22747769747465725f6465736372697074696f6e223a22222c22747769747465725f696d616765223a22222c22747769747465725f7469746c65223a22227d, 0, 0, 0, 0, 1, 0, 31, 27, 0, 1773142407, 0, 0, 0, 0, '0.5', 1, 'About Us', '/about-us', NULL, 0, 0, 0, 0, '', 0, '', '', '', 0, 0, 0, '', 0, 0, NULL, 'Learn more about our team of web design experts and creative professionals dedicated to building responsive, high-quality digital experiences.', NULL, '', '', 0, 0, 0, '', 0, '', '', '', 'About Us – Professional Web Design Heroes | Bricker Template', 0, 0, '', '', '', NULL, 0, '', NULL, 0, ''),
(4, 1, 1773142423, 1771308939, 0, 0, 0, 0, '', 768, NULL, 0, 0, 0, 0, NULL, 0x7b225453636f6e666967223a22222c226162737472616374223a22222c22617574686f72223a22222c22617574686f725f656d61696c223a22222c226261636b656e645f6c61796f7574223a22222c226261636b656e645f6c61796f75745f6e6578745f6c6576656c223a22222c2263616368655f74616773223a22222c2263616368655f74696d656f7574223a22222c2263616e6f6e6963616c5f6c696e6b223a22222c2263617465676f72696573223a22222c22636f6e74656e745f66726f6d5f706964223a22222c226465736372697074696f6e223a22222c22646f6b74797065223a22222c22656469746c6f636b223a22222c22656e6474696d65223a22222c22657874656e64546f5375627061676573223a22222c2266655f67726f7570223a22222c2268696464656e223a22222c2269735f73697465726f6f74223a22222c226b6579776f726473223a22222c226c31386e5f636667223a22222c226c61737455706461746564223a22222c226c61796f7574223a22222c226d65646961223a22222c226d6f64756c65223a22222c226e61765f68696465223a22222c226e61765f7469746c65223a22222c226e6577556e74696c223a22222c226e6f5f666f6c6c6f77223a22222c226e6f5f696e646578223a22222c226e6f5f736561726368223a22222c226f675f6465736372697074696f6e223a22222c226f675f696d616765223a22222c226f675f7469746c65223a22222c227068705f747265655f73746f70223a22222c22726f774465736372697074696f6e223a22222c2273656f5f7469746c65223a22222c22736974656d61705f6368616e676566726571223a22222c22736974656d61705f7072696f72697479223a22222c22736c7567223a22222c22737461727474696d65223a22222c227375627469746c65223a22222c22746172676574223a22222c227469746c65223a22222c227473636f6e6669675f696e636c75646573223a22222c22747769747465725f63617264223a22222c22747769747465725f6465736372697074696f6e223a22222c22747769747465725f696d616765223a22222c22747769747465725f7469746c65223a22227d, 0, 0, 0, 0, 1, 0, 31, 27, 0, 1773142423, 0, 0, 0, 0, '0.5', 1, 'Services', '/services', NULL, 0, 0, 0, 0, '', 0, '', '', '', 0, 0, 0, '', 0, 0, NULL, 'Explore our range of web design and creative development services tailored to help your business stand out online with engaging visuals and responsive layouts.', NULL, '', '', 0, 0, 0, '', 0, '', '', '', 'Our Services – Web Design & Creative Development | Bricker Template', 0, 0, '', '', '', NULL, 0, '', NULL, 0, ''),
(5, 1, 1773142437, 1771308939, 0, 0, 0, 0, '', 1024, NULL, 0, 0, 0, 0, NULL, 0x7b225453636f6e666967223a22222c226162737472616374223a22222c22617574686f72223a22222c22617574686f725f656d61696c223a22222c226261636b656e645f6c61796f7574223a22222c226261636b656e645f6c61796f75745f6e6578745f6c6576656c223a22222c2263616368655f74616773223a22222c2263616368655f74696d656f7574223a22222c2263616e6f6e6963616c5f6c696e6b223a22222c2263617465676f72696573223a22222c22636f6e74656e745f66726f6d5f706964223a22222c226465736372697074696f6e223a22222c22646f6b74797065223a22222c22656469746c6f636b223a22222c22656e6474696d65223a22222c22657874656e64546f5375627061676573223a22222c2266655f67726f7570223a22222c2268696464656e223a22222c2269735f73697465726f6f74223a22222c226b6579776f726473223a22222c226c31386e5f636667223a22222c226c61737455706461746564223a22222c226c61796f7574223a22222c226d65646961223a22222c226d6f64756c65223a22222c226e61765f68696465223a22222c226e61765f7469746c65223a22222c226e6577556e74696c223a22222c226e6f5f666f6c6c6f77223a22222c226e6f5f696e646578223a22222c226e6f5f736561726368223a22222c226f675f6465736372697074696f6e223a22222c226f675f696d616765223a22222c226f675f7469746c65223a22222c227068705f747265655f73746f70223a22222c22726f774465736372697074696f6e223a22222c2273656f5f7469746c65223a22222c22736974656d61705f6368616e676566726571223a22222c22736974656d61705f7072696f72697479223a22222c22736c7567223a22222c22737461727474696d65223a22222c227375627469746c65223a22222c22746172676574223a22222c227469746c65223a22222c227473636f6e6669675f696e636c75646573223a22222c22747769747465725f63617264223a22222c22747769747465725f6465736372697074696f6e223a22222c22747769747465725f696d616765223a22222c22747769747465725f7469746c65223a22227d, 0, 0, 0, 0, 1, 0, 31, 27, 0, 1773142437, 0, 0, 0, 0, '0.5', 1, 'Gallery', '/gallery', NULL, 0, 0, 0, 0, '', 0, '', '', '', 0, 0, 0, '', 0, 0, NULL, 'Browse our visual gallery featuring stunning design examples and layouts to inspire your next website project. Ideal for portfolios and creative showcases.', NULL, '', '', 0, 0, 0, '', 0, '', '', '', 'Gallery – Portfolio & Visual Showcase | Bricker Template', 0, 0, '', '', '', NULL, 0, '', NULL, 0, ''),
(6, 1, 1773142451, 1771308939, 0, 0, 0, 0, '', 1280, NULL, 0, 0, 0, 0, NULL, 0x7b225453636f6e666967223a22222c226162737472616374223a22222c22617574686f72223a22222c22617574686f725f656d61696c223a22222c226261636b656e645f6c61796f7574223a22222c226261636b656e645f6c61796f75745f6e6578745f6c6576656c223a22222c2263616368655f74616773223a22222c2263616368655f74696d656f7574223a22222c2263616e6f6e6963616c5f6c696e6b223a22222c2263617465676f72696573223a22222c22636f6e74656e745f66726f6d5f706964223a22222c226465736372697074696f6e223a22222c22646f6b74797065223a22222c22656469746c6f636b223a22222c22656e6474696d65223a22222c22657874656e64546f5375627061676573223a22222c2266655f67726f7570223a22222c2268696464656e223a22222c2269735f73697465726f6f74223a22222c226b6579776f726473223a22222c226c31386e5f636667223a22222c226c61737455706461746564223a22222c226c61796f7574223a22222c226d65646961223a22222c226d6f64756c65223a22222c226e61765f68696465223a22222c226e61765f7469746c65223a22222c226e6577556e74696c223a22222c226e6f5f666f6c6c6f77223a22222c226e6f5f696e646578223a22222c226e6f5f736561726368223a22222c226f675f6465736372697074696f6e223a22222c226f675f696d616765223a22222c226f675f7469746c65223a22222c227068705f747265655f73746f70223a22222c22726f774465736372697074696f6e223a22222c2273656f5f7469746c65223a22222c22736974656d61705f6368616e676566726571223a22222c22736974656d61705f7072696f72697479223a22222c22736c7567223a22222c22737461727474696d65223a22222c227375627469746c65223a22222c22746172676574223a22222c227469746c65223a22222c227473636f6e6669675f696e636c75646573223a22222c22747769747465725f63617264223a22222c22747769747465725f6465736372697074696f6e223a22222c22747769747465725f696d616765223a22222c22747769747465725f7469746c65223a22227d, 0, 0, 0, 0, 1, 0, 31, 27, 0, 1773142451, 0, 0, 0, 0, '0.5', 1, 'Contact', '/contact', NULL, 0, 0, 0, 0, '', 0, '', '', '', 0, 0, 0, '', 0, 0, NULL, 'Connect with our team for inquiries, custom web design support, or project quotes. We’re ready to help you build a successful online presence.', NULL, '', '', 0, 0, 0, '', 0, '', '', '', 'Contact Us – Get In Touch for Web Design Support | Bricker Template', 0, 0, '', '', '', NULL, 0, '', NULL, 0, ''),
(7, 1, 1773142299, 1773142278, 0, 0, 0, 0, '0', 1536, NULL, 0, 0, 0, 0, NULL, 0x7b226e61765f68696465223a22227d, 0, 0, 0, 0, 1, 0, 31, 27, 0, 1773142511, 0, 0, 0, 0, '0.5', 1, '404', '/404', NULL, 0, 0, 0, 0, '', 1, '', '', '', 0, 0, 0, '', 0, 0, NULL, NULL, NULL, '', '', 0, 0, 0, '', 0, '', '', '', '', 0, 0, '', '', '', NULL, 0, '', NULL, 0, '');

INSERT INTO `sys_file` (`uid`, `pid`, `tstamp`, `last_indexed`, `identifier`, `identifier_hash`, `folder_hash`, `extension`, `name`, `sha1`, `creation_date`, `modification_date`, `size`, `storage`, `type`, `mime_type`, `missing`, `metadata`) VALUES
(1, 0, 1771499587, 1771499587, '/at_bricker/carousel-01.jpg', 'd550b4950400c5d18a50773c44cfd305b69a4eb8', 'b28339268f95a314a9aac1a75ea9745e43f0ba02', 'jpg', 'carousel-01.jpg', '96d0503efa2d4fac9e9939902724969ee2f470f4', 1771487138, 1599643014, 65765, 1, 2, 'image/jpeg', 0, 0),
(2, 0, 1771499587, 1771499587, '/at_bricker/carousel-02.jpg', '50659a4a7a5b2d926a19e762d7f0a299907b43df', 'b28339268f95a314a9aac1a75ea9745e43f0ba02', 'jpg', 'carousel-02.jpg', '7331cdfbc091fda887ee75547090c614867a312f', 1771487138, 1599643022, 131499, 1, 2, 'image/jpeg', 0, 0),
(3, 0, 1771499587, 1771499587, '/at_bricker/carousel-03.jpg', 'cd9866534cabb3e37a5ecf81caaf7a3aa126e68c', 'b28339268f95a314a9aac1a75ea9745e43f0ba02', 'jpg', 'carousel-03.jpg', 'ebb1aaea735e772e899fb1cb1738d6fb6850963b', 1771487138, 1599643026, 164527, 1, 2, 'image/jpeg', 0, 0),
(4, 0, 1771499587, 1771499587, '/at_bricker/img-01.jpg', '9dd21574a3f6e80986873e9253571ba3f0d34eb8', 'b28339268f95a314a9aac1a75ea9745e43f0ba02', 'jpg', 'img-01.jpg', '15427930704f73b7cc4ce4d4bef7da11121637bc', 1771487138, 1599644048, 49387, 1, 2, 'image/jpeg', 0, 0),
(5, 0, 1771499587, 1771499587, '/at_bricker/img-04.jpg', 'afbcdebcb4bd0a807f8ee749a45ca25e29bb5da6', 'b28339268f95a314a9aac1a75ea9745e43f0ba02', 'jpg', 'img-04.jpg', '7c9cdd041b16c3811091f22f5d54697300468987', 1771487138, 1599644052, 151387, 1, 2, 'image/jpeg', 0, 0),
(6, 0, 1771499587, 1771499587, '/at_bricker/img-05.jpg', '8227057f72b676da09723882cefaaf18fe2945a6', 'b28339268f95a314a9aac1a75ea9745e43f0ba02', 'jpg', 'img-05.jpg', 'ae9b8246e1f8e2609d6b37081db8a4b009a10dd3', 1771487138, 1599644056, 95385, 1, 2, 'image/jpeg', 0, 0),
(7, 0, 1771499587, 1771499587, '/at_bricker/img-06.jpg', '0f5fe55169084ef26309a13cf6c4db2b8109d4f2', 'b28339268f95a314a9aac1a75ea9745e43f0ba02', 'jpg', 'img-06.jpg', '02963f3107a66f224f9167a463de20890365ff3a', 1771487138, 1599644062, 90707, 1, 2, 'image/jpeg', 0, 0),
(8, 0, 1771499587, 1771499587, '/at_bricker/logo.svg', '1ccd702dec751702403f6f7901459c411e8897f7', 'b28339268f95a314a9aac1a75ea9745e43f0ba02', 'svg', 'logo.svg', '35262f2f9a0790a2a87836c9b5bb7b25de85ccb5', 1771487138, 1599539384, 6078, 1, 2, 'image/svg+xml', 0, 0),
(9, 0, 1771499587, 1771499587, '/at_bricker/map.svg', '986cd78052254f41534bd1e25cb212221b1c9cc1', 'b28339268f95a314a9aac1a75ea9745e43f0ba02', 'svg', 'map.svg', '2f27407b3d180f3a2ef9b0624a33472c3ea9b86b', 1771487138, 1599539384, 438307, 1, 2, 'image/svg+xml', 0, 0),
(10, 0, 1771499587, 1771499587, '/at_bricker/team-01.jpg', 'bcf57efc8a7d9a19022e9499062dcac191534c32', 'b28339268f95a314a9aac1a75ea9745e43f0ba02', 'jpg', 'team-01.jpg', '867da763a728cd083a78a5ec8651f4f9764868da', 1771487138, 1599644198, 12902, 1, 2, 'image/jpeg', 0, 0),
(11, 0, 1771499587, 1771499587, '/at_bricker/team-02.jpg', '465d673419565bf1de962278887aba13809c0769', 'b28339268f95a314a9aac1a75ea9745e43f0ba02', 'jpg', 'team-02.jpg', 'fdba4cd8f68c3ce38a26e237904cac466cc97199', 1771487138, 1599644204, 16598, 1, 2, 'image/jpeg', 0, 0),
(12, 0, 1771499587, 1771499587, '/at_bricker/team-03.jpg', 'dd588a4db71d449262ed6e82bb021ab9ba36af0b', 'b28339268f95a314a9aac1a75ea9745e43f0ba02', 'jpg', 'team-03.jpg', 'f7fdab965deb44c0b5543a48ffdbf910cfdcf580', 1771487138, 1599644210, 18596, 1, 2, 'image/jpeg', 0, 0),
(13, 0, 1771499587, 1771499587, '/at_bricker/team-04.jpg', 'cb59e89ec6e7b9959d91e47680156319f6a5946f', 'b28339268f95a314a9aac1a75ea9745e43f0ba02', 'jpg', 'team-04.jpg', '130a4ca5dd2e1465bffa89483dbbae5b25477eac', 1771487138, 1599644214, 15360, 1, 2, 'image/jpeg', 0, 0),
(14, 0, 1771499587, 1771499587, '/at_bricker/team-05.jpg', '8d661240a07c6b43aa601114f7f5a0641bc230ec', 'b28339268f95a314a9aac1a75ea9745e43f0ba02', 'jpg', 'team-05.jpg', 'c4bc515e8c64f056d43d766c98868ca560f1e406', 1771487138, 1599644218, 8541, 1, 2, 'image/jpeg', 0, 0),
(15, 0, 1771499587, 1771499587, '/at_bricker/team-06.jpg', 'e365f30680726a6d73a717d5fed9069e146eb974', 'b28339268f95a314a9aac1a75ea9745e43f0ba02', 'jpg', 'team-06.jpg', '61f004628e134d557d7447f1d9799155162ec4cb', 1771487138, 1599644222, 14684, 1, 2, 'image/jpeg', 0, 0),
(16, 0, 1771569060, 1771569060, '/at_bricker/diamond-svgrepo-com.svg', '083fecc4d8834b62e935b6722393bad74e48cca8', 'b28339268f95a314a9aac1a75ea9745e43f0ba02', 'svg', 'diamond-svgrepo-com.svg', '18ac584aa28024c07d002b015dfe42d682d8cc12', 1771567023, 1771567023, 911, 1, 2, 'image/svg+xml', 0, 0),
(17, 0, 1771569060, 1771569060, '/at_bricker/equalizer.svg', 'e1953e28ed28b74891a0664e5c616dc4b8dedaf0', 'b28339268f95a314a9aac1a75ea9745e43f0ba02', 'svg', 'equalizer.svg', '2bda2c2be57429364407c78c4bcdeb2fa75fce04', 1771566886, 1771566886, 1724, 1, 2, 'image/svg+xml', 0, 0),
(18, 0, 1771569060, 1771569060, '/at_bricker/layers.svg', 'a3b5bc4e24b95001f737703827564f1e1afd75d7', 'b28339268f95a314a9aac1a75ea9745e43f0ba02', 'svg', 'layers.svg', '40793b3746038da542f35f36b031d5b64094f49f', 1771566921, 1771566921, 1270, 1, 2, 'image/svg+xml', 0, 0),
(19, 0, 1771569060, 1771569060, '/at_bricker/share.svg', 'b1f6578ea5bf4aa365a132d021b084a505c19716', 'b28339268f95a314a9aac1a75ea9745e43f0ba02', 'svg', 'share.svg', '41dc6b5f130c21061cdefb208ee04a2c075ee84f', 1771566987, 1771566987, 1578, 1, 2, 'image/svg+xml', 0, 0),
(20, 0, 1771594969, 1771594969, '/at_bricker/portfolio/thumb-01.jpg', 'bab2f66135d5477b0b4a2e5677e60c2b7f84ab94', '62f54f4aa94ce92b9631c9b0d382a1092e2c9503', 'jpg', 'thumb-01.jpg', '630e587feeb56be8a16b75555b336d078717780f', 1771487138, 1599642756, 37545, 1, 2, 'image/jpeg', 0, 0),
(21, 0, 1771594969, 1771594969, '/at_bricker/portfolio/thumb-02.jpg', '0e280feac7c14b67cfa660a67a96b3ded23ea17f', '62f54f4aa94ce92b9631c9b0d382a1092e2c9503', 'jpg', 'thumb-02.jpg', '566a07c48537ad60505dd92d02f1e0952a563252', 1771487138, 1599642762, 28945, 1, 2, 'image/jpeg', 0, 0),
(22, 0, 1771594969, 1771594969, '/at_bricker/portfolio/thumb-03.jpg', '7a9bf2622ee44841306869affd1f88ef52a9e814', '62f54f4aa94ce92b9631c9b0d382a1092e2c9503', 'jpg', 'thumb-03.jpg', '7fbfd45dbc42d1de8c47cc913bb6ad7a13e3add4', 1771487138, 1599642768, 54057, 1, 2, 'image/jpeg', 0, 0),
(23, 0, 1771594969, 1771594969, '/at_bricker/portfolio/thumb-04.jpg', '38c3308d40bb302a8ea57bc61fad0f5e516eb7d2', '62f54f4aa94ce92b9631c9b0d382a1092e2c9503', 'jpg', 'thumb-04.jpg', '68e989ec703e803b463833cbdbe702bab3e47412', 1771487138, 1599642772, 20976, 1, 2, 'image/jpeg', 0, 0),
(24, 0, 1771594969, 1771594969, '/at_bricker/portfolio/thumb-05.jpg', '683281ee491f23035eabc5ebadce21f51c524348', '62f54f4aa94ce92b9631c9b0d382a1092e2c9503', 'jpg', 'thumb-05.jpg', 'f2ff733df3ebd0173270762f2c87e891ff884781', 1771487138, 1599642780, 21680, 1, 2, 'image/jpeg', 0, 0),
(25, 0, 1771594969, 1771594969, '/at_bricker/portfolio/thumb-06.jpg', '11edb5dd080488425c5e57008a80d169174ea7b8', '62f54f4aa94ce92b9631c9b0d382a1092e2c9503', 'jpg', 'thumb-06.jpg', 'c988ba4093dcd3f39f5fc8f091335e1dc901a96f', 1771487138, 1599642790, 54127, 1, 2, 'image/jpeg', 0, 0),
(26, 0, 1771594969, 1771594969, '/at_bricker/portfolio/thumb-07.jpg', 'fb8fc13eab90f9b17ad5e481cf92cc35f1616cfd', '62f54f4aa94ce92b9631c9b0d382a1092e2c9503', 'jpg', 'thumb-07.jpg', 'e215815fd44470a24d070faa504428b39faaeaf1', 1771487138, 1599642794, 56340, 1, 2, 'image/jpeg', 0, 0),
(27, 0, 1771594969, 1771594969, '/at_bricker/portfolio/thumb-08.jpg', '8aeef1267d98b3abc24f715253b98370b101d743', '62f54f4aa94ce92b9631c9b0d382a1092e2c9503', 'jpg', 'thumb-08.jpg', 'dc359d79129fa58eaf45bf6896b438223916de71', 1771487138, 1599642798, 52842, 1, 2, 'image/jpeg', 0, 0),
(28, 0, 1771826217, 1771826217, '/at_bricker/facebook.svg', 'e34b88f149f448f8a53376e2c2244e8132beba4c', 'b28339268f95a314a9aac1a75ea9745e43f0ba02', 'svg', 'facebook.svg', 'ead411cc6403baf1764080bd78229aaeb7c8c980', 1771822389, 1771822389, 1726, 1, 2, 'image/svg+xml', 0, 0),
(29, 0, 1771826217, 1771826217, '/at_bricker/linkedin.svg', '9f1be36ef42760327d8998dfca14fd7d619e6bc6', 'b28339268f95a314a9aac1a75ea9745e43f0ba02', 'svg', 'linkedin.svg', '222c2a23cd3b9cc4feb5f6773f0d450d4a3c910b', 1771822385, 1771822385, 1149, 1, 2, 'image/svg+xml', 0, 0),
(30, 0, 1771826217, 1771826217, '/at_bricker/twitter.svg', '1170c5a77299a36276dde836793df45b2aebf2fb', 'b28339268f95a314a9aac1a75ea9745e43f0ba02', 'svg', 'twitter.svg', 'afb01d6d9b2864250e5dc5536bf50275280a1089', 1771822382, 1771822382, 2275, 1, 2, 'image/svg+xml', 0, 0),
(31, 0, 1771826217, 1771826217, '/at_bricker/youtube.svg', 'afb3316595f537946a2cbe21d206554471a84dd4', 'b28339268f95a314a9aac1a75ea9745e43f0ba02', 'svg', 'youtube.svg', '0980b6561e321217a5ad4989c159fcf8160b12d1', 1771822378, 1771822378, 1721, 1, 2, 'image/svg+xml', 0, 0);

INSERT INTO `sys_file_metadata` (`uid`, `pid`, `tstamp`, `crdate`, `sys_language_uid`, `l10n_parent`, `l10n_state`, `l10n_diffsource`, `t3ver_oid`, `t3ver_wsid`, `t3ver_state`, `t3ver_stage`, `title`, `alternative`, `categories`, `file`, `description`, `width`, `height`) VALUES
(1, 0, 1771499587, 1771499587, 0, 0, NULL, '', 0, 0, 0, 0, NULL, NULL, 0, 1, NULL, 1980, 977),
(2, 0, 1771499587, 1771499587, 0, 0, NULL, '', 0, 0, 0, 0, NULL, NULL, 0, 2, NULL, 1980, 977),
(3, 0, 1771499587, 1771499587, 0, 0, NULL, '', 0, 0, 0, 0, NULL, NULL, 0, 3, NULL, 1980, 977),
(4, 0, 1771499587, 1771499587, 0, 0, NULL, '', 0, 0, 0, 0, NULL, NULL, 0, 4, NULL, 1000, 755),
(5, 0, 1771499587, 1771499587, 0, 0, NULL, '', 0, 0, 0, 0, NULL, NULL, 0, 5, NULL, 1000, 667),
(6, 0, 1771499587, 1771499587, 0, 0, NULL, '', 0, 0, 0, 0, NULL, NULL, 0, 6, NULL, 1000, 721),
(7, 0, 1771499587, 1771499587, 0, 0, NULL, '', 0, 0, 0, 0, NULL, NULL, 0, 7, NULL, 1000, 721),
(8, 0, 1771499587, 1771499587, 0, 0, NULL, '', 0, 0, 0, 0, NULL, NULL, 0, 8, NULL, 814, 122),
(9, 0, 1771499587, 1771499587, 0, 0, NULL, '', 0, 0, 0, 0, NULL, NULL, 0, 9, NULL, 268, 174),
(10, 0, 1771499587, 1771499587, 0, 0, NULL, '', 0, 0, 0, 0, NULL, NULL, 0, 10, NULL, 400, 400),
(11, 0, 1771499587, 1771499587, 0, 0, NULL, '', 0, 0, 0, 0, NULL, NULL, 0, 11, NULL, 400, 400),
(12, 0, 1771499587, 1771499587, 0, 0, NULL, '', 0, 0, 0, 0, NULL, NULL, 0, 12, NULL, 400, 400),
(13, 0, 1771499587, 1771499587, 0, 0, NULL, '', 0, 0, 0, 0, NULL, NULL, 0, 13, NULL, 400, 400),
(14, 0, 1771499587, 1771499587, 0, 0, NULL, '', 0, 0, 0, 0, NULL, NULL, 0, 14, NULL, 400, 400),
(15, 0, 1771499587, 1771499587, 0, 0, NULL, '', 0, 0, 0, 0, NULL, NULL, 0, 15, NULL, 400, 400),
(16, 0, 1771569060, 1771569060, 0, 0, NULL, '', 0, 0, 0, 0, NULL, NULL, 0, 16, NULL, 800, 800),
(17, 0, 1771569060, 1771569060, 0, 0, NULL, '', 0, 0, 0, 0, NULL, NULL, 0, 17, NULL, 800, 800),
(18, 0, 1771569060, 1771569060, 0, 0, NULL, '', 0, 0, 0, 0, NULL, NULL, 0, 18, NULL, 800, 800),
(19, 0, 1771569060, 1771569060, 0, 0, NULL, '', 0, 0, 0, 0, NULL, NULL, 0, 19, NULL, 800, 800),
(20, 0, 1771594969, 1771594969, 0, 0, NULL, '', 0, 0, 0, 0, NULL, NULL, 0, 20, NULL, 1000, 500),
(21, 0, 1771594969, 1771594969, 0, 0, NULL, '', 0, 0, 0, 0, NULL, NULL, 0, 21, NULL, 1000, 500),
(22, 0, 1771594969, 1771594969, 0, 0, NULL, '', 0, 0, 0, 0, NULL, NULL, 0, 22, NULL, 1000, 500),
(23, 0, 1771594969, 1771594969, 0, 0, NULL, '', 0, 0, 0, 0, NULL, NULL, 0, 23, NULL, 1000, 500),
(24, 0, 1771594969, 1771594969, 0, 0, NULL, '', 0, 0, 0, 0, NULL, NULL, 0, 24, NULL, 1000, 500),
(25, 0, 1771594969, 1771594969, 0, 0, NULL, '', 0, 0, 0, 0, NULL, NULL, 0, 25, NULL, 1000, 500),
(26, 0, 1771594969, 1771594969, 0, 0, NULL, '', 0, 0, 0, 0, NULL, NULL, 0, 26, NULL, 1000, 500),
(27, 0, 1771594969, 1771594969, 0, 0, NULL, '', 0, 0, 0, 0, NULL, NULL, 0, 27, NULL, 1000, 500),
(28, 0, 1771826217, 1771826217, 0, 0, NULL, '', 0, 0, 0, 0, NULL, NULL, 0, 28, NULL, 14, 32),
(29, 0, 1771826217, 1771826217, 0, 0, NULL, '', 0, 0, 0, 0, NULL, NULL, 0, 29, NULL, 800, 800),
(30, 0, 1771826217, 1771826217, 0, 0, NULL, '', 0, 0, 0, 0, NULL, NULL, 0, 30, NULL, 31, 26),
(31, 0, 1771826217, 1771826217, 0, 0, NULL, '', 0, 0, 0, 0, NULL, NULL, 0, 31, NULL, 800, 800);

INSERT INTO `sys_file_reference` (`uid`, `pid`, `tstamp`, `crdate`, `deleted`, `hidden`, `sys_language_uid`, `l10n_parent`, `l10n_state`, `l10n_diffsource`, `t3ver_oid`, `t3ver_wsid`, `t3ver_state`, `t3ver_stage`, `uid_local`, `title`, `alternative`, `uid_foreign`, `tablenames`, `fieldname`, `sorting_foreign`, `link`, `description`, `crop`, `autoplay`) VALUES
(1, 1, 1771939722, 1771499605, 0, 0, 0, 0, NULL, 0x7b22616c7465726e6174697665223a22222c2263726f70223a22222c226465736372697074696f6e223a22222c2268696464656e223a22222c226c696e6b223a22222c227469746c65223a22222c227569645f6c6f63616c223a22227d, 0, 0, 0, 0, 5, NULL, NULL, 2, 'tt_content', 'image', 1, '', NULL, '{\"default\":{\"cropArea\":{\"height\":0.9985007496251874,\"width\":1,\"x\":0,\"y\":0},\"selectedRatio\":\"NaN\",\"focusArea\":null}}', 0),
(2, 1, 1772107962, 1771505019, 0, 0, 0, 0, NULL, 0x7b2268696464656e223a22227d, 0, 0, 0, 0, 9, NULL, NULL, 4, 'tt_content', 'image', 1, '', NULL, '{\"default\":{\"cropArea\":{\"x\":0,\"y\":0,\"width\":1,\"height\":1},\"selectedRatio\":\"NaN\",\"focusArea\":null}}', 0),
(3, 2, 1772013211, 1771508604, 0, 0, 0, 0, NULL, 0x7b2268696464656e223a22227d, 0, 0, 0, 0, 1, NULL, NULL, 1, 'carousel', 'image', 1, '', NULL, '{\"default\":{\"cropArea\":{\"x\":0,\"y\":0,\"width\":1,\"height\":1},\"selectedRatio\":\"NaN\",\"focusArea\":null}}', 0),
(4, 2, 1772013211, 1771508604, 0, 0, 0, 0, NULL, 0x7b2268696464656e223a22227d, 0, 0, 0, 0, 2, NULL, NULL, 2, 'carousel', 'image', 1, '', NULL, '{\"default\":{\"cropArea\":{\"x\":0,\"y\":0,\"width\":1,\"height\":1},\"selectedRatio\":\"NaN\",\"focusArea\":null}}', 0),
(5, 2, 1772013211, 1771508604, 0, 0, 0, 0, NULL, 0x7b22616c7465726e6174697665223a22222c2263726f70223a22222c226465736372697074696f6e223a22222c2268696464656e223a22222c226c696e6b223a22222c227469746c65223a22222c227569645f6c6f63616c223a22227d, 0, 0, 0, 0, 3, NULL, NULL, 3, 'carousel', 'image', 1, '', NULL, '{\"default\":{\"cropArea\":{\"x\":0,\"y\":0,\"width\":1,\"height\":1},\"selectedRatio\":\"NaN\",\"focusArea\":null}}', 0),
(6, 2, 1771996948, 1771570523, 0, 0, 0, 0, NULL, 0x7b2268696464656e223a22227d, 0, 0, 0, 0, 17, NULL, NULL, 8, 'tt_content', 'image1', 1, 't3://page?uid=5', NULL, '{\"default\":{\"cropArea\":{\"x\":0,\"y\":0,\"width\":1,\"height\":1},\"selectedRatio\":\"NaN\",\"focusArea\":null}}', 0),
(7, 2, 1771996948, 1771570523, 0, 0, 0, 0, NULL, 0x7b2268696464656e223a22227d, 0, 0, 0, 0, 18, NULL, NULL, 8, 'tt_content', 'image2', 1, '', NULL, '{\"default\":{\"cropArea\":{\"x\":0,\"y\":0,\"width\":1,\"height\":1},\"selectedRatio\":\"NaN\",\"focusArea\":null}}', 0),
(8, 2, 1771996948, 1771570523, 0, 0, 0, 0, NULL, 0x7b2268696464656e223a22227d, 0, 0, 0, 0, 16, NULL, NULL, 8, 'tt_content', 'image3', 1, 't3://page?uid=5', NULL, '{\"default\":{\"cropArea\":{\"x\":0,\"y\":0,\"width\":1,\"height\":1},\"selectedRatio\":\"NaN\",\"focusArea\":null}}', 0),
(9, 2, 1771996948, 1771570523, 0, 0, 0, 0, NULL, 0x7b2268696464656e223a22227d, 0, 0, 0, 0, 19, NULL, NULL, 8, 'tt_content', 'image4', 1, 't3://page?uid=6', NULL, '{\"default\":{\"cropArea\":{\"x\":0,\"y\":0,\"width\":1,\"height\":1},\"selectedRatio\":\"NaN\",\"focusArea\":null}}', 0),
(10, 2, 1771996948, 1771570655, 0, 0, 0, 0, NULL, 0x7b22616c7465726e6174697665223a22222c2263726f70223a22222c226465736372697074696f6e223a22222c2268696464656e223a22222c226c696e6b223a22222c227469746c65223a22222c227569645f6c6f63616c223a22227d, 0, 0, 0, 0, 7, NULL, NULL, 8, 'tt_content', 'image', 1, '', NULL, '{\"default\":{\"cropArea\":{\"height\":1,\"width\":1,\"x\":0,\"y\":0},\"selectedRatio\":\"NaN\",\"focusArea\":null}}', 0),
(11, 2, 1772028078, 1771589440, 0, 0, 0, 0, NULL, 0x7b2268696464656e223a22227d, 0, 0, 0, 0, 4, NULL, NULL, 10, 'tt_content', 'image', 1, '', NULL, '{\"default\":{\"cropArea\":{\"x\":0,\"y\":0,\"width\":1,\"height\":0.9986754966887417},\"selectedRatio\":\"NaN\",\"focusArea\":null}}', 0),
(12, 2, 1771998108, 1771595030, 0, 0, 0, 0, NULL, 0x7b22616c7465726e6174697665223a22222c2263726f70223a22222c226465736372697074696f6e223a22222c2268696464656e223a22222c226c696e6b223a22222c227469746c65223a22222c227569645f6c6f63616c223a22227d, 0, 0, 0, 0, 20, NULL, NULL, 1, 'gallery', 'image', 1, '', NULL, '{\"default\":{\"cropArea\":{\"x\":0,\"y\":0,\"width\":1,\"height\":1},\"selectedRatio\":\"NaN\",\"focusArea\":null}}', 0),
(13, 2, 1771998108, 1771595112, 0, 0, 0, 0, NULL, 0x7b22616c7465726e6174697665223a22222c2263726f70223a22222c226465736372697074696f6e223a22222c2268696464656e223a22222c226c696e6b223a22222c227469746c65223a22222c227569645f6c6f63616c223a22227d, 0, 0, 0, 0, 21, NULL, NULL, 2, 'gallery', 'image', 1, 't3://page?uid=5', NULL, '{\"default\":{\"cropArea\":{\"x\":0,\"y\":0,\"width\":1,\"height\":1},\"selectedRatio\":\"NaN\",\"focusArea\":null}}', 0),
(14, 2, 1771998108, 1771595112, 0, 0, 0, 0, NULL, 0x7b22616c7465726e6174697665223a22222c2263726f70223a22222c226465736372697074696f6e223a22222c2268696464656e223a22222c226c696e6b223a22222c227469746c65223a22222c227569645f6c6f63616c223a22227d, 0, 0, 0, 0, 22, NULL, NULL, 3, 'gallery', 'image', 1, '', NULL, '{\"default\":{\"cropArea\":{\"x\":0,\"y\":0,\"width\":1,\"height\":1},\"selectedRatio\":\"NaN\",\"focusArea\":null}}', 0),
(15, 2, 1771998108, 1771595112, 0, 0, 0, 0, NULL, 0x7b22616c7465726e6174697665223a22222c2263726f70223a22222c226465736372697074696f6e223a22222c2268696464656e223a22222c226c696e6b223a22222c227469746c65223a22222c227569645f6c6f63616c223a22227d, 0, 0, 0, 0, 23, NULL, NULL, 4, 'gallery', 'image', 1, 't3://page?uid=3', NULL, '{\"default\":{\"cropArea\":{\"x\":0,\"y\":0,\"width\":1,\"height\":1},\"selectedRatio\":\"NaN\",\"focusArea\":null}}', 0),
(16, 2, 1771829805, 1771826236, 0, 0, 0, 0, NULL, 0x7b22616c7465726e6174697665223a22222c2263726f70223a22222c226465736372697074696f6e223a22222c2268696464656e223a22222c226c696e6b223a22222c227469746c65223a22222c227569645f6c6f63616c223a22227d, 0, 0, 0, 0, 28, NULL, NULL, 1, 'socialmedia', 'image', 1, 'https://www.facebook.com', NULL, '{\"default\":{\"cropArea\":{\"x\":0,\"y\":0,\"width\":1,\"height\":1},\"selectedRatio\":\"NaN\",\"focusArea\":null}}', 0),
(17, 2, 1771829805, 1771826327, 0, 0, 0, 0, NULL, 0x7b22616c7465726e6174697665223a22222c2263726f70223a22222c226465736372697074696f6e223a22222c2268696464656e223a22222c226c696e6b223a22222c227469746c65223a22222c227569645f6c6f63616c223a22227d, 0, 0, 0, 0, 30, NULL, NULL, 2, 'socialmedia', 'image', 1, 'https://x.com/', NULL, '{\"default\":{\"cropArea\":{\"x\":0,\"y\":0,\"width\":1,\"height\":1},\"selectedRatio\":\"NaN\",\"focusArea\":null}}', 0),
(18, 2, 1771829805, 1771826327, 0, 0, 0, 0, NULL, 0x7b22616c7465726e6174697665223a22222c2263726f70223a22222c226465736372697074696f6e223a22222c2268696464656e223a22222c226c696e6b223a22222c227469746c65223a22222c227569645f6c6f63616c223a22227d, 0, 0, 0, 0, 31, NULL, NULL, 3, 'socialmedia', 'image', 1, 'https://www.youtube.com/', NULL, '{\"default\":{\"cropArea\":{\"x\":0,\"y\":0,\"width\":1,\"height\":1},\"selectedRatio\":\"NaN\",\"focusArea\":null}}', 0),
(19, 2, 1771829805, 1771826327, 0, 0, 0, 0, NULL, 0x7b2268696464656e223a22227d, 0, 0, 0, 0, 29, NULL, NULL, 4, 'socialmedia', 'image', 1, 'https://www.linkedin.com/', NULL, '{\"default\":{\"cropArea\":{\"x\":0,\"y\":0,\"width\":1,\"height\":1},\"selectedRatio\":\"NaN\",\"focusArea\":null}}', 0),
(20, 5, 1771831229, 1771830064, 0, 0, 0, 0, NULL, 0x7b2268696464656e223a22227d, 0, 0, 0, 0, 20, NULL, NULL, 5, 'gallery', 'image', 1, '', NULL, '{\"default\":{\"cropArea\":{\"x\":0,\"y\":0,\"width\":1,\"height\":1},\"selectedRatio\":\"NaN\",\"focusArea\":null}}', 0),
(21, 5, 1771830064, 1771830064, 0, 0, 0, 0, NULL, '', 0, 0, 0, 0, 21, NULL, NULL, 6, 'gallery', 'image', 1, 't3://page?uid=5', NULL, '{\"default\":{\"cropArea\":{\"x\":0,\"y\":0,\"width\":1,\"height\":1},\"selectedRatio\":\"NaN\",\"focusArea\":null}}', 0),
(22, 5, 1771830064, 1771830064, 0, 0, 0, 0, NULL, '', 0, 0, 0, 0, 22, NULL, NULL, 7, 'gallery', 'image', 1, '', NULL, '{\"default\":{\"cropArea\":{\"x\":0,\"y\":0,\"width\":1,\"height\":1},\"selectedRatio\":\"NaN\",\"focusArea\":null}}', 0),
(23, 5, 1771830064, 1771830064, 0, 0, 0, 0, NULL, '', 0, 0, 0, 0, 23, NULL, NULL, 8, 'gallery', 'image', 1, 't3://page?uid=3', NULL, '{\"default\":{\"cropArea\":{\"x\":0,\"y\":0,\"width\":1,\"height\":1},\"selectedRatio\":\"NaN\",\"focusArea\":null}}', 0),
(24, 5, 1771831229, 1771831229, 0, 0, 0, 0, NULL, '', 0, 0, 0, 0, 24, NULL, NULL, 9, 'gallery', 'image', 1, '', NULL, '{\"default\":{\"cropArea\":{\"x\":0,\"y\":0,\"width\":1,\"height\":1},\"selectedRatio\":\"NaN\",\"focusArea\":null}}', 0),
(25, 5, 1771831229, 1771831229, 0, 0, 0, 0, NULL, '', 0, 0, 0, 0, 25, NULL, NULL, 10, 'gallery', 'image', 1, '', NULL, '{\"default\":{\"cropArea\":{\"x\":0,\"y\":0,\"width\":1,\"height\":1},\"selectedRatio\":\"NaN\",\"focusArea\":null}}', 0),
(26, 5, 1771831229, 1771831229, 0, 0, 0, 0, NULL, '', 0, 0, 0, 0, 26, NULL, NULL, 11, 'gallery', 'image', 1, '', NULL, '{\"default\":{\"cropArea\":{\"x\":0,\"y\":0,\"width\":1,\"height\":1},\"selectedRatio\":\"NaN\",\"focusArea\":null}}', 0),
(27, 5, 1771831229, 1771831229, 0, 0, 0, 0, NULL, '', 0, 0, 0, 0, 27, NULL, NULL, 12, 'gallery', 'image', 1, '', NULL, '{\"default\":{\"cropArea\":{\"x\":0,\"y\":0,\"width\":1,\"height\":1},\"selectedRatio\":\"NaN\",\"focusArea\":null}}', 0),
(28, 3, 1772016564, 1771833182, 0, 0, 0, 0, NULL, 0x7b22616c7465726e6174697665223a22222c2263726f70223a22222c226465736372697074696f6e223a22222c2268696464656e223a22222c226c696e6b223a22222c227469746c65223a22222c227569645f6c6f63616c223a22227d, 0, 0, 0, 0, 4, NULL, NULL, 14, 'tt_content', 'image', 1, '', NULL, '{\"default\":{\"cropArea\":{\"x\":0,\"y\":0,\"width\":1,\"height\":0.9986754966887417},\"selectedRatio\":\"NaN\",\"focusArea\":null}}', 0),
(29, 3, 1772019736, 1771843693, 0, 0, 0, 0, NULL, 0x7b2268696464656e223a22227d, 0, 0, 0, 0, 10, NULL, NULL, 1, 'team', 'image', 1, '', NULL, '{\"default\":{\"cropArea\":{\"x\":0,\"y\":0,\"width\":1,\"height\":1},\"selectedRatio\":\"NaN\",\"focusArea\":null}}', 0),
(30, 3, 1772019736, 1771843693, 0, 0, 0, 0, NULL, 0x7b2268696464656e223a22227d, 0, 0, 0, 0, 11, NULL, NULL, 2, 'team', 'image', 1, '', NULL, '{\"default\":{\"cropArea\":{\"x\":0,\"y\":0,\"width\":1,\"height\":1},\"selectedRatio\":\"NaN\",\"focusArea\":null}}', 0),
(31, 3, 1772019736, 1771843693, 0, 0, 0, 0, NULL, 0x7b2268696464656e223a22227d, 0, 0, 0, 0, 12, NULL, NULL, 3, 'team', 'image', 1, '', NULL, '{\"default\":{\"cropArea\":{\"x\":0,\"y\":0,\"width\":1,\"height\":1},\"selectedRatio\":\"NaN\",\"focusArea\":null}}', 0),
(32, 3, 1772019736, 1771843693, 0, 0, 0, 0, NULL, 0x7b2268696464656e223a22227d, 0, 0, 0, 0, 13, NULL, NULL, 4, 'team', 'image', 1, '', NULL, '{\"default\":{\"cropArea\":{\"x\":0,\"y\":0,\"width\":1,\"height\":1},\"selectedRatio\":\"NaN\",\"focusArea\":null}}', 0),
(33, 3, 1772019736, 1771843693, 0, 0, 0, 0, NULL, 0x7b2268696464656e223a22227d, 0, 0, 0, 0, 14, NULL, NULL, 5, 'team', 'image', 1, '', NULL, '{\"default\":{\"cropArea\":{\"x\":0,\"y\":0,\"width\":1,\"height\":1},\"selectedRatio\":\"NaN\",\"focusArea\":null}}', 0),
(34, 3, 1772019736, 1771843693, 0, 0, 0, 0, NULL, 0x7b2268696464656e223a22227d, 0, 0, 0, 0, 15, NULL, NULL, 6, 'team', 'image', 1, '', NULL, '{\"default\":{\"cropArea\":{\"x\":0,\"y\":0,\"width\":1,\"height\":1},\"selectedRatio\":\"NaN\",\"focusArea\":null}}', 0),
(35, 4, 1772021108, 1771915270, 0, 0, 0, 0, NULL, 0x7b22616c7465726e6174697665223a22222c2263726f70223a22222c226465736372697074696f6e223a22222c2268696464656e223a22222c226c696e6b223a22222c227469746c65223a22222c227569645f6c6f63616c223a22227d, 0, 0, 0, 0, 7, NULL, NULL, 17, 'tt_content', 'image', 1, '', NULL, '{\"default\":{\"cropArea\":{\"x\":0,\"y\":0,\"width\":1,\"height\":1},\"selectedRatio\":\"NaN\",\"focusArea\":null}}', 0),
(36, 4, 1772023029, 1771927006, 0, 0, 0, 0, NULL, 0x7b2268696464656e223a22227d, 0, 0, 0, 0, 4, NULL, NULL, 18, 'tt_content', 'image', 1, '', NULL, '{\"default\":{\"cropArea\":{\"x\":0,\"y\":0,\"width\":1,\"height\":1},\"selectedRatio\":\"NaN\",\"focusArea\":null}}', 0),
(37, 4, 1771927115, 1771927093, 1, 0, 0, 0, NULL, '', 0, 0, 0, 0, 3, NULL, NULL, 19, 'tt_content', 'image', 1, '', NULL, '{\"default\":{\"cropArea\":{\"x\":0,\"y\":0,\"width\":1,\"height\":1},\"selectedRatio\":\"NaN\",\"focusArea\":null}}', 0),
(38, 4, 1772023812, 1771927115, 0, 0, 0, 0, NULL, 0x7b2268696464656e223a22227d, 0, 0, 0, 0, 6, NULL, NULL, 19, 'tt_content', 'image', 1, '', NULL, '{\"default\":{\"cropArea\":{\"x\":0,\"y\":0,\"width\":1,\"height\":1},\"selectedRatio\":\"NaN\",\"focusArea\":null}}', 0),
(39, 2, 1771998887, 1771998108, 1, 0, 0, 0, NULL, 0x7b2268696464656e223a22227d, 0, 0, 0, 0, 1, NULL, NULL, 13, 'gallery', 'image', 1, '', NULL, '{\"default\":{\"cropArea\":{\"x\":0,\"y\":0,\"width\":1,\"height\":1},\"selectedRatio\":\"NaN\",\"focusArea\":null}}', 0),
(40, 2, 1771998397, 1771998324, 1, 0, 0, 0, NULL, 0x7b22616c7465726e6174697665223a22222c2263726f70223a22222c226465736372697074696f6e223a22222c2268696464656e223a22222c226c696e6b223a22222c227469746c65223a22222c227569645f6c6f63616c223a22227d, 0, 0, 0, 0, 8, NULL, NULL, 14, 'gallery', 'image', 1, '', NULL, '{\"default\":{\"cropArea\":{\"x\":0,\"y\":0,\"width\":1,\"height\":1},\"selectedRatio\":\"NaN\",\"focusArea\":null}}', 0),
(41, 2, 1771998887, 1771998397, 1, 0, 0, 0, NULL, '', 0, 0, 0, 0, 11, NULL, NULL, 14, 'gallery', 'image', 1, '', NULL, '{\"default\":{\"cropArea\":{\"x\":0,\"y\":0,\"width\":1,\"height\":1},\"selectedRatio\":\"NaN\",\"focusArea\":null}}', 0),
(42, 7, 1773142511, 1773142511, 0, 0, 0, 0, NULL, '', 0, 0, 0, 0, 1, NULL, NULL, 4, 'carousel', 'image', 1, '', NULL, '{\"default\":{\"cropArea\":{\"x\":0,\"y\":0,\"width\":1,\"height\":1},\"selectedRatio\":\"NaN\",\"focusArea\":null}}', 0);

INSERT INTO `sys_file_storage` (`uid`, `pid`, `tstamp`, `crdate`, `deleted`, `description`, `is_public`, `processingfolder`, `name`, `is_browsable`, `is_default`, `is_writable`, `is_online`, `auto_extract_metadata`, `driver`, `configuration`) VALUES
(1, 0, 1771308345, 1771308345, 0, 'This is the local fileadmin/ directory. This storage mount has been created automatically by TYPO3.', 1, NULL, 'fileadmin', 1, 1, 1, 1, 1, 'Local', '<?xml version=\"1.0\" encoding=\"utf-8\" standalone=\"yes\" ?>\n<T3FlexForms>\n    <data>\n        <sheet index=\"sDEF\">\n            <language index=\"lDEF\">\n                <field index=\"basePath\">\n                    <value index=\"vDEF\">fileadmin/</value>\n                </field>\n                <field index=\"pathType\">\n                    <value index=\"vDEF\">relative</value>\n                </field>\n                <field index=\"caseSensitive\">\n                    <value index=\"vDEF\">1</value>\n                </field>\n            </language>\n        </sheet>\n    </data>\n</T3FlexForms>');

INSERT INTO `sys_template` (`uid`, `pid`, `tstamp`, `crdate`, `deleted`, `hidden`, `starttime`, `endtime`, `sorting`, `description`, `tx_impexp_origuid`, `title`, `root`, `clear`, `constants`, `include_static_file`, `basedOn`, `includeStaticAfterBasedOn`, `config`, `static_file_mode`) VALUES
(1, 1, 1771477387, 1771476875, 1, 0, 0, 0, 256, NULL, 0, 'Theme', 1, 3, NULL, 'EXT:fluid_styled_content/Configuration/TypoScript/,EXT:fluid_styled_content/Configuration/TypoScript/Styling/,EXT:form/Configuration/TypoScript/,EXT:seo/Configuration/TypoScript/XmlSitemap,EXT:at_bricker/Configuration/TypoScript', '', 0, '', 0);

INSERT INTO `tt_content` (`uid`, `pid`, `tstamp`, `crdate`, `deleted`, `hidden`, `starttime`, `endtime`, `fe_group`, `sorting`, `rowDescription`, `editlock`, `sys_language_uid`, `l18n_parent`, `l10n_source`, `l10n_state`, `l18n_diffsource`, `t3ver_oid`, `t3ver_wsid`, `t3ver_state`, `t3ver_stage`, `frame_class`, `colPos`, `table_caption`, `tx_impexp_origuid`, `CType`, `categories`, `layout`, `space_before_class`, `space_after_class`, `date`, `header`, `header_layout`, `header_position`, `header_link`, `subheader`, `bodytext`, `image`, `assets`, `imagewidth`, `imageheight`, `imageorient`, `imageborder`, `image_zoom`, `imagecols`, `pages`, `recursive`, `list_type`, `media`, `records`, `sectionIndex`, `linkToTop`, `pi_flexform`, `selected_categories`, `category_field`, `bullets_type`, `cols`, `table_class`, `table_delimiter`, `table_enclosure`, `table_header_position`, `table_tfoot`, `file_collections`, `filelink_size`, `filelink_sorting`, `filelink_sorting_direction`, `target`, `uploads_description`, `uploads_type`, `carousel`, `color1`, `image1`, `text1`, `color2`, `image2`, `text2`, `color3`, `image3`, `text3`, `color4`, `image4`, `text4`, `select`, `gallery`, `socialmedia`, `features`, `team`, `textarea`, `gap`, `address`, `map`) VALUES
(1, 2, 1771939638, 1771498397, 1, 0, 0, 0, '', 256, '', 0, 0, 0, 0, NULL, 0x7b224354797065223a22222c22626f647974657874223a22222c2263617465676f72696573223a22222c22636f6c506f73223a22222c22656469746c6f636b223a22222c22656e6474696d65223a22222c2266655f67726f7570223a22222c226672616d655f636c617373223a22222c22686561646572223a22222c2268696464656e223a22222c226c61796f7574223a22222c226c696e6b546f546f70223a22222c22726f774465736372697074696f6e223a22222c2273656374696f6e496e646578223a22222c2273706163655f61667465725f636c617373223a22222c2273706163655f6265666f72655f636c617373223a22222c22737461727474696d65223a22227d, 0, 0, 0, 0, 'default', 0, NULL, 0, 'html', 0, 0, '', '', 0, 'Header', 0, '', '', '', '', 0, 0, 0, 0, 0, 0, 0, 2, NULL, 0, '', 0, NULL, 1, 0, NULL, NULL, '', 0, 0, '', 124, 0, 0, 0, NULL, 0, '', '', '', 0, 0, 0, '', 0, '', '', 0, '', '', 0, '', '', 0, '', '', 0, 0, 0, 0, NULL, 0, NULL, NULL),
(2, 1, 1771939722, 1771499605, 0, 0, 0, 0, '', 8, '', 0, 0, 0, 0, NULL, 0x7b224354797065223a22222c22636f6c506f73223a22222c22656469746c6f636b223a22222c22656e6474696d65223a22222c2266655f67726f7570223a22222c2268696464656e223a22222c22696d616765223a22222c22726f774465736372697074696f6e223a22222c22737461727474696d65223a22227d, 0, 0, 0, 0, 'default', 1, NULL, 0, 'aashro_footerimagesection', 0, 0, '', '', 0, '', 0, '', '', '', NULL, 1, 0, 0, 0, 0, 0, 0, 2, NULL, 0, '', 0, NULL, 1, 0, NULL, NULL, '', 0, 0, '', 124, 0, 0, 0, NULL, 0, '', '', '', 0, 0, 0, '', 0, '', '', 0, '', '', 0, '', '', 0, '', '', 0, 0, 0, 0, NULL, 0, NULL, NULL),
(3, 1, 1772107958, 1771504492, 0, 0, 0, 0, '', 128, '', 0, 0, 0, 0, NULL, 0x7b224354797065223a22222c22626f647974657874223a22222c22636f6c506f73223a22222c22656469746c6f636b223a22222c22656e6474696d65223a22222c2266655f67726f7570223a22222c2268696464656e223a22222c22726f774465736372697074696f6e223a22222c22737461727474696d65223a22227d, 0, 0, 0, 0, 'default', 2, NULL, 0, 'aashro_footertextsection', 0, 0, '', '', 0, '', 0, '', '', '', '<h2 class=\"text-uppercase\"><strong>Who We Are?</strong></h2>\r\n<p>Lorem ipsum dolor sit amet, consectetuer adipiscing elit, sed diam nonummy nibh euismod tincidunt ut laoreet dolore magna aliquam erat volutpat. Lorem ipsum dolor sit amet, consectetuer adipiscing elit, sed diam nonummy.</p>', 0, 0, 0, 0, 0, 0, 0, 2, NULL, 0, '', 0, NULL, 1, 0, NULL, NULL, '', 0, 0, '', 124, 0, 0, 0, NULL, 0, '', '', '', 0, 0, 0, '', 0, '', '', 0, '', '', 0, '', '', 0, '', '', 0, 0, 0, 0, NULL, 0, NULL, NULL),
(4, 1, 1772107962, 1771505019, 0, 0, 0, 0, '', 64, '', 0, 0, 0, 0, NULL, 0x7b224354797065223a22222c22636f6c506f73223a22222c22656469746c6f636b223a22222c22656e6474696d65223a22222c2266655f67726f7570223a22222c22686561646572223a22222c2268696464656e223a22222c22696d616765223a22222c22726f774465736372697074696f6e223a22222c22737461727474696d65223a22227d, 0, 0, 0, 0, 'default', 3, NULL, 0, 'aashro_footermapimagesection', 0, 0, '', '', 0, 'Where We Are?', 0, '', '', '', NULL, 1, 0, 0, 0, 0, 0, 0, 2, NULL, 0, '', 0, NULL, 1, 0, NULL, NULL, '', 0, 0, '', 124, 0, 0, 0, NULL, 0, '', '', '', 0, 0, 0, '', 0, '', '', 0, '', '', 0, '', '', 0, '', '', 0, 0, 0, 0, NULL, 0, NULL, NULL),
(5, 1, 1772080785, 1771506245, 0, 0, 0, 0, '', 32, '', 0, 0, 0, 0, NULL, 0x7b224354797065223a22222c22626f647974657874223a22222c22636f6c506f73223a22222c22656469746c6f636b223a22222c22656e6474696d65223a22222c2266655f67726f7570223a22222c2268696464656e223a22222c22726f774465736372697074696f6e223a22222c22737461727474696d65223a22227d, 0, 0, 0, 0, 'default', 4, NULL, 0, 'aashro_footertextsection', 0, 0, '', '', 0, '', 0, '', '', '', '<h2 class=\"text-uppercase\"><strong>Contact Us</strong></h2>\r\n<p><strong>P</strong> &nbsp; &nbsp;<a href=\"tel:0800452180050\">0800 4521 800 50</a></p>\r\n<p><strong>M</strong> &nbsp;&nbsp;<a class=\"text-primary-hover\" href=\"mailto:info@aashro.com\">contact@sampledomain.com</a></p>\r\n<p><strong>M &nbsp;&nbsp;</strong><a class=\"text-primary-hover\" href=\"mailto:info@aashro.com\">office@sampledomain.com</a></p>', 0, 0, 0, 0, 0, 0, 0, 2, NULL, 0, '', 0, NULL, 1, 0, NULL, NULL, '', 0, 0, '', 124, 0, 0, 0, NULL, 0, '', '', '', 0, 0, 0, '', 0, '', '', 0, '', '', 0, '', '', 0, '', '', 0, 0, 0, 0, NULL, 0, NULL, NULL),
(6, 1, 1772108238, 1771506726, 0, 0, 0, 0, '', 16, '', 0, 0, 0, 0, NULL, 0x7b224354797065223a22222c22626f647974657874223a22222c22636f6c506f73223a22222c22656469746c6f636b223a22222c22656e6474696d65223a22222c2266655f67726f7570223a22222c2268696464656e223a22222c22726f774465736372697074696f6e223a22222c22737461727474696d65223a22227d, 0, 0, 0, 0, 'default', 0, NULL, 0, 'aashro_footertextsection', 0, 0, '', '', 0, '', 0, '', '', '', '<p class=\"text-size-12\">Copyright 2026, Vision Design - graphic zoo</p>\r\n<p class=\"text-size-12\">All images have been purchased from Bigstock. Do not use the images in your website.</p>\r\n<p><a class=\"text-size-12\" href=\"https://www.aashro.com/\" target=\"_blank\">Design by Aashro Tech</a></p>', 0, 0, 0, 0, 0, 0, 0, 2, NULL, 0, '', 0, NULL, 1, 0, NULL, NULL, '', 0, 0, '', 124, 0, 0, 0, NULL, 0, '', '', '', 0, 0, 0, '', 0, '', '', 0, '', '', 0, '', '', 0, '', '', 0, 0, 0, 0, NULL, 0, NULL, NULL),
(7, 2, 1771509125, 1771508604, 0, 0, 0, 0, '', 128, '', 0, 0, 0, 0, NULL, 0x7b224354797065223a22222c226361726f7573656c223a22222c22636f6c506f73223a22222c22656469746c6f636b223a22222c22656e6474696d65223a22222c2266655f67726f7570223a22222c2268696464656e223a22222c22726f774465736372697074696f6e223a22222c22737461727474696d65223a22227d, 0, 0, 0, 0, 'default', 0, NULL, 0, 'aashro_heroslidersection', 0, 0, '', '', 0, '', 0, '', '', '', NULL, 0, 0, 0, 0, 0, 0, 0, 2, NULL, 0, '', 0, NULL, 1, 0, NULL, NULL, '', 0, 0, '', 124, 0, 0, 0, NULL, 0, '', '', '', 0, 0, 3, '', 0, '', '', 0, '', '', 0, '', '', 0, '', '', 0, 0, 0, 0, NULL, 0, NULL, NULL),
(8, 2, 1771937507, 1771570523, 0, 0, 0, 0, '', 192, '', 0, 0, 0, 0, NULL, 0x7b224354797065223a22222c22636f6c506f73223a22222c22636f6c6f7231223a22222c22636f6c6f7232223a22222c22636f6c6f7233223a22222c22636f6c6f7234223a22222c22656469746c6f636b223a22222c22656e6474696d65223a22222c2266655f67726f7570223a22222c2268696464656e223a22222c22696d616765223a22222c22696d61676531223a22222c22696d61676532223a22222c22696d61676533223a22222c22696d61676534223a22222c22726f774465736372697074696f6e223a22222c2273656c656374223a22222c22737461727474696d65223a22222c227465787431223a22222c227465787432223a22222c227465787433223a22222c227465787434223a22227d, 0, 0, 0, 0, 'default', 0, NULL, 0, 'aashro_boxesimagecontent', 0, 0, '', '', 0, '', 0, '', '', '', NULL, 1, 0, 0, 0, 0, 0, 0, 2, NULL, 0, '', 0, NULL, 1, 0, NULL, NULL, '', 0, 0, '', 124, 0, 0, 0, NULL, 0, '', '', '', 0, 0, 0, '#C81010', 1, 'Unlimited Color Variants', '#005881', 1, 'Many Reusable Elements', '#E4A600', 1, 'Responsive Layoute', '#00B5A6', 1, 'Clean Modern Code', '0', 0, 0, 0, 0, NULL, 0, NULL, NULL),
(9, 2, 1772011776, 1771585681, 0, 0, 0, 0, '', 224, '', 0, 0, 0, 0, NULL, 0x7b224354797065223a22222c22626f647974657874223a22222c22636f6c506f73223a22222c22636f6c6f7231223a22222c22656469746c6f636b223a22222c22656e6474696d65223a22222c2266655f67726f7570223a22222c2268696464656e223a22222c22726f774465736372697074696f6e223a22222c22737461727474696d65223a22227d, 0, 0, 0, 0, 'default', 0, NULL, 0, 'aashro_textcenteredhalfwidth', 0, 0, '', '', 0, '', 0, '', '', '', '<h2>Responsive <strong>Parallax Background</strong></h2>\r\n<p>Lorem ipsum dolor sit amet, consectetuer adipiscing elit, sed diam nonummy nibh euismod tincidunt ut laoreet dolore magna aliquam erat volutpat. Lorem ipsum dolor sit amet, consectetuer adipiscing elit, sed diam nonummy nibh euismod tincidunt ut laoreet dolore magna aliquam erat volutpat.</p>', 0, 0, 0, 0, 0, 0, 0, 2, NULL, 0, '', 0, NULL, 1, 0, NULL, NULL, '', 0, 0, '', 124, 0, 0, 0, NULL, 0, '', '', '', 0, 0, 0, '#002633', 0, '', '', 0, '', '', 0, '', '', 0, '', '', 0, 0, 0, 0, NULL, 0, NULL, NULL),
(10, 2, 1772028078, 1771589440, 0, 0, 0, 0, '', 240, '', 0, 0, 0, 0, NULL, 0x7b224354797065223a22222c22626f647974657874223a22222c22636f6c506f73223a22222c22636f6c6f7231223a22222c22656469746c6f636b223a22222c22656e6474696d65223a22222c2266655f67726f7570223a22222c22676170223a22222c2268696464656e223a22222c22696d616765223a22222c22726f774465736372697074696f6e223a22222c2273656c656374223a22222c22737461727474696d65223a22222c227465787461726561223a22227d, 0, 0, 0, 0, 'default', 0, NULL, 0, 'aashro_imagecontentsection', 0, 0, '', '', 0, '', 0, '', '', '', '<h2 class=\"big-white-font\">Nonummy nibh euismod tincidunt ut laoreet<br>massa nec orci accusamus auctor aute</h2>\r\n<ul><li data-list-item-id=\"e07e9fdc0766ba129f585faf64cc2dc72\">Sed diam nonummy nibh euismod tincidunt ut laoreet</li><li data-list-item-id=\"e1084f16bfd28939637f2d446f525f33b\">Dolore magna aliquam erat volutpat</li><li data-list-item-id=\"e72bb988d8828f03a49b567e19d231c0d\">Lorem ipsum dolor sit amet, consectetuer adipiscing elit</li><li data-list-item-id=\"e05853cd276a9671c5a8fc528aab78bfc\">Sed diam nonummy nibh euismod tincidunt ut laoreet</li><li data-list-item-id=\"e702d72519bb7ee0cb1cbf9e407f1b451\">Dolore magna aliquam erat volutpat</li></ul>', 1, 0, 0, 0, 0, 0, 0, 2, NULL, 0, '', 0, NULL, 1, 0, NULL, NULL, '', 0, 0, '', 124, 0, 0, 0, NULL, 0, '', '', '', 0, 0, 0, '#005881', 0, '', '', 0, '', '', 0, '', '', 0, '', '1', 0, 0, 0, 0, NULL, 0, NULL, NULL),
(11, 2, 1772015245, 1771595030, 0, 0, 0, 0, '', 248, '', 0, 0, 0, 0, NULL, 0x7b224354797065223a22222c22626f647974657874223a22222c22636f6c506f73223a22222c22656469746c6f636b223a22222c22656e6474696d65223a22222c2266655f67726f7570223a22222c2267616c6c657279223a22222c2268696464656e223a22222c22726f774465736372697074696f6e223a22222c22737461727474696d65223a22227d, 0, 0, 0, 0, 'default', 0, NULL, 0, 'aashro_gallerysection', 0, 0, '', '', 0, '', 0, '', '', '', '<h2 class=\"text-center\">Top <strong>References</strong></h2>', 0, 0, 0, 0, 0, 0, 0, 2, NULL, 0, '', 0, NULL, 1, 0, NULL, NULL, '', 0, 0, '', 124, 0, 0, 0, NULL, 0, '', '', '', 0, 0, 0, '', 0, '', '', 0, '', '', 0, '', '', 0, '', '', 4, 0, 0, 0, NULL, 0, NULL, NULL),
(12, 2, 1772016002, 1771826236, 0, 0, 0, 0, '', 252, '', 0, 0, 0, 0, NULL, 0x7b224354797065223a22222c22626f647974657874223a22222c22636f6c506f73223a22222c22656469746c6f636b223a22222c22656e6474696d65223a22222c2266655f67726f7570223a22222c2268696464656e223a22222c22726f774465736372697074696f6e223a22222c2273656c656374223a22222c22736f6369616c6d65646961223a22222c22737461727474696d65223a22227d, 0, 0, 0, 0, 'default', 0, NULL, 0, 'aashro_socialmediashareicon', 0, 0, '', '', 0, '', 0, '', '', '', '<h3>Let\'s keep in touch</h3>\r\n<p>Deleniti pertinacia eu est, te his soluta quaestio pericula illum vulputate lobortis facilisis.</p>', 0, 0, 0, 0, 0, 0, 0, 2, NULL, 0, '', 0, NULL, 1, 0, NULL, NULL, '', 0, 0, '', 124, 0, 0, 0, NULL, 0, '', '', '', 0, 0, 0, '', 0, '', '', 0, '', '', 0, '', '', 0, '', '1', 0, 4, 0, 0, NULL, 0, NULL, NULL),
(13, 5, 1772024603, 1771830064, 0, 0, 0, 0, '', 256, '', 0, 0, 0, 0, NULL, 0x7b224354797065223a22222c22626f647974657874223a22222c22636f6c506f73223a22222c22656469746c6f636b223a22222c22656e6474696d65223a22222c2266655f67726f7570223a22222c2267616c6c657279223a22222c2268696464656e223a22222c22726f774465736372697074696f6e223a22222c22737461727474696d65223a22227d, 0, 0, 0, 0, 'default', 0, NULL, 0, 'aashro_gallerysection', 0, 0, '', '', 0, '', 0, '', '', '', '<h1 class=\"text-center text-white\">Our References</h1>\r\n<h3 class=\"text-center\">Con nonummy sem integer interdum volutpat dis eget eligendi aliquip dolorum magnam. Iriure duis autem vel<br>eum dolor in hendrerit in vulputate velit esse molestie consequat.</h3>', 0, 0, 0, 0, 0, 0, 0, 2, '', 0, '', 0, '', 1, 0, NULL, '0', '', 0, 0, '', 124, 0, 0, 0, '', 0, '', '', '', 0, 0, 0, '', 0, '', '', 0, '', '', 0, '', '', 0, '', '', 8, 0, 0, 0, NULL, 0, NULL, NULL),
(14, 3, 1772016564, 1771833182, 0, 0, 0, 0, '', 256, '', 0, 0, 0, 0, NULL, 0x7b224354797065223a22222c22626f647974657874223a22222c22636f6c506f73223a22222c22636f6c6f7231223a22222c22656469746c6f636b223a22222c22656e6474696d65223a22222c2266655f67726f7570223a22222c22676170223a22222c2268696464656e223a22222c22696d616765223a22222c22726f774465736372697074696f6e223a22222c2273656c656374223a22222c22737461727474696d65223a22222c227465787461726561223a22227d, 0, 0, 0, 0, 'default', 0, NULL, 0, 'aashro_imagecontentsection', 0, 0, '', '', 0, '', 0, '', '', '', '<h2>Nonummy nibh euismod tincidunt ut laoreet</h2>\r\n<p>Sed diam nonummy nibh euismod tincidunt ut laoreet dolore magna aliquam erat volutpat. Lorem ipsum dolor sit amet, consectetuer adipiscing elit, sed diam nonummy nibh euismod tincidunt ut laoreet dolore magna aliquam erat volutpat.</p>\r\n\r\n<h2>Wisi malesuada scelerisque praesent mi accumsan</h2>\r\n<p>Tortor massa nec orci accusamus auctor aute euismod lacus ipsam culpa earum beatae fugiat. Wisi malesuada scelerisque praesent mi accumsan euismod ea penatibus felis lacinia maiores dolorum optio officia. Nonummy libero adipiscing vel nulla dis tristique torquent sollicitudin felis inceptos eligendi molestiae omnis aspernatur.</p>', 1, 0, 0, 0, 0, 0, 0, 2, '', 0, '', 0, '', 1, 0, NULL, '0', '', 0, 0, '', 124, 0, 0, 0, '', 0, '', '', '', 0, 0, 0, '#ffffff', 0, '', '', 0, '', '', 0, '', '', 0, '', '0', 0, 0, 0, 0, '<h1 class=\"text-center\">About Us</h1>\r\n<h3 class=\"text-center\">Con nonummy sem integer interdum volutpat dis eget eligendi aliquip dolorum magnam. Iriure duis autem vel<br>eum dolor in hendrerit in vulputate velit esse molestie consequat.</h3>', 1, NULL, NULL),
(15, 3, 1771841627, 1771841147, 0, 0, 0, 0, '', 512, '', 0, 0, 0, 0, NULL, 0x7b224354797065223a22222c22636f6c506f73223a22222c22636f6c6f7231223a22222c22656469746c6f636b223a22222c22656e6474696d65223a22222c2266655f67726f7570223a22222c226665617475726573223a22222c2268696464656e223a22222c22726f774465736372697074696f6e223a22222c22737461727474696d65223a22227d, 0, 0, 0, 0, 'default', 0, NULL, 0, 'aashro_counterfeaturesection', 0, 0, '', '', 0, '', 0, '', '', '', NULL, 0, 0, 0, 0, 0, 0, 0, 2, NULL, 0, '', 0, NULL, 1, 0, NULL, NULL, '', 0, 0, '', 124, 0, 0, 0, NULL, 0, '', '', '', 0, 0, 0, '#C81010', 0, '', '', 0, '', '', 0, '', '', 0, '', '', 0, 0, 4, 0, NULL, 0, NULL, NULL),
(16, 3, 1772019474, 1771843693, 0, 0, 0, 0, '', 768, '', 0, 0, 0, 0, NULL, 0x7b224354797065223a22222c22626f647974657874223a22222c22636f6c506f73223a22222c22656469746c6f636b223a22222c22656e6474696d65223a22222c2266655f67726f7570223a22222c2268696464656e223a22222c22726f774465736372697074696f6e223a22222c22737461727474696d65223a22222c227465616d223a22227d, 0, 0, 0, 0, 'default', 0, NULL, 0, 'aashro_teamsection', 0, 0, '', '', 0, '', 0, '', '', '', '<h2 class=\"text-center\">Our <strong>Dream Team</strong></h2>', 0, 0, 0, 0, 0, 0, 0, 2, NULL, 0, '', 0, NULL, 1, 0, NULL, NULL, '', 0, 0, '', 124, 0, 0, 0, NULL, 0, '', '', '', 0, 0, 0, '', 0, '', '', 0, '', '', 0, '', '', 0, '', '', 0, 0, 0, 6, NULL, 0, NULL, NULL),
(17, 4, 1772021108, 1771915270, 0, 0, 0, 0, '', 256, '', 0, 0, 0, 0, NULL, 0x7b224354797065223a22222c22626f647974657874223a22222c22636f6c506f73223a22222c22636f6c6f7231223a22222c22656469746c6f636b223a22222c22656e6474696d65223a22222c2266655f67726f7570223a22222c22676170223a22222c2268696464656e223a22222c22696d616765223a22222c22726f774465736372697074696f6e223a22222c2273656c656374223a22222c22737461727474696d65223a22222c227465787461726561223a22227d, 0, 0, 0, 0, 'default', 0, NULL, 0, 'aashro_imagecontentsection', 0, 0, '', '', 0, '', 0, '', '', '', '<h1>01</h1>\r\n<h2><strong>Nonummy nibh euismod tincidunt ut laoreet</strong></h2>\r\n<p>Lorem ipsum dolor sit amet, consectetuer adipiscing elit, sed diam nonummy nibh euismod tincidunt ut laoreet dolore magna aliquam erat volutpat. Lorem ipsum dolor sit amet, consectetuer adipiscing elit, sed diam nonummy.</p>\r\n<p>Libero malesuada varius leo mollis laoreet error occaecat unde nostra harum. A morbi hymenaeos rhoncus ridiculus temporibus consectetur ducimus exercitation. Integer arcu adipiscing augue iusto nam duis facilisi senectus iaculis proin repudiandae nemo cupidatat. Ipsum donec enim leo ultricies pulvinar aute semper dolores habitant impedit harum.</p>', 1, 0, 0, 0, 0, 0, 0, 2, NULL, 0, '', 0, NULL, 1, 0, NULL, NULL, '', 0, 0, '', 124, 0, 0, 0, NULL, 0, '', '', '', 0, 0, 0, '#fff', 0, '', '', 0, '', '', 0, '', '', 0, '', '0', 0, 0, 0, 0, '<h1 class=\"text-center\">Our Services</h1>\r\n<h3 class=\"text-center\">Con nonummy sem integer interdum volutpat dis eget eligendi aliquip dolorum magnam. Iriure duis autem vel<br>eum dolor in hendrerit in vulputate velit esse molestie consequat.</h3>', 1, NULL, NULL),
(18, 4, 1772023029, 1771927006, 0, 0, 0, 0, '', 512, '', 0, 0, 0, 0, NULL, 0x7b224354797065223a22222c22626f647974657874223a22222c22636f6c506f73223a22222c22636f6c6f7231223a22222c22656469746c6f636b223a22222c22656e6474696d65223a22222c2266655f67726f7570223a22222c22676170223a22222c2268696464656e223a22222c22696d616765223a22222c22726f774465736372697074696f6e223a22222c2273656c656374223a22222c22737461727474696d65223a22222c227465787461726561223a22227d, 0, 0, 0, 0, 'default', 0, NULL, 0, 'aashro_imagecontentsection', 0, 0, '', '', 0, '', 0, '', '', '', '<h1>02</h1>\r\n<h2 class=\"text-dark-navy-blue text-white\"><strong>Libero malesuada varius leo mollis tincidunt</strong></h2>\r\n<p>Lorem ipsum dolor sit amet, consectetuer adipiscing elit, sed diam nonummy nibh euismod tincidunt ut laoreet dolore magna aliquam erat volutpat. Lorem ipsum dolor sit amet, consectetuer adipiscing elit, sed diam nonummy.</p>\r\n<p>Libero malesuada varius leo mollis laoreet error occaecat unde nostra harum. A morbi hymenaeos rhoncus ridiculus temporibus consectetur ducimus exercitation. Integer arcu adipiscing augue iusto nam duis facilisi senectus iaculis proin repudiandae nemo cupidatat. Ipsum donec enim leo ultricies pulvinar aute semper dolores habitant impedit harum.</p>', 1, 0, 0, 0, 0, 0, 0, 2, NULL, 0, '', 0, NULL, 1, 0, NULL, NULL, '', 0, 0, '', 124, 0, 0, 0, NULL, 0, '', '', '', 0, 0, 0, '#002633', 0, '', '', 0, '', '', 0, '', '', 0, '', '1', 0, 0, 0, 0, '', 1, NULL, NULL),
(19, 4, 1772023812, 1771927093, 0, 0, 0, 0, '', 768, '', 0, 0, 0, 0, NULL, 0x7b224354797065223a22222c22626f647974657874223a22222c22636f6c506f73223a22222c22636f6c6f7231223a22222c22656469746c6f636b223a22222c22656e6474696d65223a22222c2266655f67726f7570223a22222c22676170223a22222c2268696464656e223a22222c22696d616765223a22222c22726f774465736372697074696f6e223a22222c2273656c656374223a22222c22737461727474696d65223a22222c227465787461726561223a22227d, 0, 0, 0, 0, 'default', 0, NULL, 0, 'aashro_imagecontentsection', 0, 0, '', '', 0, '', 0, '', '', '', '<h1 class=\"text-white\">03</h1>\r\n<h2 class=\"text-white mb-15\"><strong>Morbi hymenaeos rhoncus ridiculus</strong></h2>\r\n<h3 class=\"mb-15\">Nonummy nibh euismod tincidunt ut laoreet</h3>\r\n<p class=\"text-white\">Lorem ipsum dolor sit amet, consectetuer adipiscing elit, sed diam nonummy nibh euismod tincidunt ut laoreet dolore magna aliquam erat volutpat. Lorem ipsum dolor sit amet, consectetuer adipiscing elit, sed diam nonummy.</p>\r\n<p class=\"text-white\">Libero malesuada varius leo mollis laoreet error occaecat unde nostra harum. A morbi hymenaeos rhoncus ridiculus temporibus consectetur ducimus exercitation. Integer arcu adipiscing augue iusto nam duis facilisi senectus iaculis proin repudiandae nemo cupidatat. Ipsum donec enim leo ultricies pulvinar aute semper dolores habitant impedit harum.</p>', 1, 0, 0, 0, 0, 0, 0, 2, NULL, 0, '', 0, NULL, 1, 0, NULL, NULL, '', 0, 0, '', 124, 0, 0, 0, NULL, 0, '', '', '', 0, 0, 0, '#00B5A6', 0, '', '', 0, '', '', 0, '', '', 0, '', '0', 0, 0, 0, 0, '', 1, NULL, NULL),
(20, 4, 1771931619, 1771930558, 0, 0, 0, 0, '', 1024, '', 0, 0, 0, 0, NULL, 0x7b224354797065223a22222c22636f6c506f73223a22222c22636f6c6f7231223a22222c22656469746c6f636b223a22222c22656e6474696d65223a22222c2266655f67726f7570223a22222c22686561646572223a22222c226865616465725f6c696e6b223a22222c2268696464656e223a22222c22726f774465736372697074696f6e223a22222c22737461727474696d65223a22227d, 0, 0, 0, 0, 'default', 0, NULL, 0, 'aashro_buttonsection', 0, 0, '', '', 0, 'CONTACT US', 0, '', 't3://page?uid=6', '', NULL, 0, 0, 0, 0, 0, 0, 0, 2, NULL, 0, '', 0, NULL, 1, 0, NULL, NULL, '', 0, 0, '', 124, 0, 0, 0, NULL, 0, '', '', '', 0, 0, 0, '#C81010', 0, '', '', 0, '', '', 0, '', '', 0, '', '', 0, 0, 0, 0, NULL, 0, NULL, NULL),
(21, 6, 1772025355, 1771936302, 0, 0, 0, 0, '', 256, '', 0, 0, 0, 0, NULL, 0x7b224354797065223a22222c2261646472657373223a22222c22626f647974657874223a22222c22636f6c506f73223a22222c22656469746c6f636b223a22222c22656e6474696d65223a22222c2266655f67726f7570223a22222c2268696464656e223a22222c226d6170223a22222c22726f774465736372697074696f6e223a22222c22737461727474696d65223a22227d, 0, 0, 0, 0, 'default', 0, NULL, 0, 'aashro_addressmapsection', 0, 0, '', '', 0, '', 0, '', '', '', '<h1 class=\"text-center text-white\">Contact Us</h1>', 0, 0, 0, 0, 0, 0, 0, 2, NULL, 0, '', 0, NULL, 1, 0, NULL, NULL, '', 0, 0, '', 124, 0, 0, 0, NULL, 0, '', '', '', 0, 0, 0, '', 0, '', '', 0, '', '', 0, '', '', 0, '', '', 0, 0, 0, 0, NULL, 0, '<h2>Company Address</h2>\r\n<p>Aviation Way 99</p>\r\n<p>Los Angeles, USA</p>\r\n<h2 class=\"margin-top-30\">E-mail</h2>\r\n<p><a class=\"text-primary-hover\" href=\"mailto:info@aashro.com\">contact@sampledomain.com</a></p>\r\n<p><a class=\"text-primary-hover\" href=\"mailto:info@aashro.com\">office@sampledomain.com</a></p>\r\n<h2 class=\"margin-top-30\">Phone Numbers</h2>\r\n<p><a href=\"tel:0800452180050\">0800 4521 800 50</a></p>\r\n<p><a href=\"tel:0450589662516\">0450 5896 625 16</a></p>\r\n<p><a href=\"tel:07986546465\">0798 6546 465</a></p>', '<iframe src=\"https://www.google.com/maps/embed?pb=!1m18!1m12!1m3!1d412.76280397979724!2d71.96164953191087!3d21.722732582479377!2m3!1f0!2f0!3f0!3m2!1i1024!2i768!4f13.1!3m3!1m2!1s0x395f534eedee7c91%3A0xac053b469055e9ad!2sAashro%20Tech!5e0!3m2!1sen!2sin!4v1771936292073!5m2!1sen!2sin\" width=\"886\" height=\"450\" style=\"border:0;\" allowfullscreen=\"\" loading=\"lazy\" referrerpolicy=\"no-referrer-when-downgrade\"></iframe>'),
(22, 7, 1773142511, 1773142511, 0, 0, 0, 0, '', 256, '', 0, 0, 0, 0, NULL, '', 0, 0, 0, 0, 'default', 0, NULL, 0, 'aashro_heroslidersection', 0, 0, '', '', 0, '', 0, '', '', '', NULL, 0, 0, 0, 0, 0, 0, 0, 2, NULL, 0, '', 0, NULL, 1, 0, NULL, NULL, '', 0, 0, '', 124, 0, 0, 0, NULL, 0, '', '', '', 0, 0, 1, '', 0, '', '', 0, '', '', 0, '', '', 0, '', '', 0, 0, 0, 0, NULL, 0, NULL, NULL);

INSERT INTO `carousel` (`uid`, `pid`, `tstamp`, `crdate`, `deleted`, `hidden`, `starttime`, `endtime`, `fe_group`, `sorting`, `editlock`, `sys_language_uid`, `l10n_parent`, `l10n_source`, `l10n_state`, `l10n_diffsource`, `foreign_table_parent_uid`, `image`, `content`) VALUES
(1, 2, 1772013211, 1771508604, 0, 0, 0, 0, '', 1, 0, 0, 0, 0, NULL, 0x7b22636f6e74656e74223a22222c22656469746c6f636b223a22222c22656e6474696d65223a22222c2266655f67726f7570223a22222c2268696464656e223a22222c22696d616765223a22222c22737461727474696d65223a22227d, 7, 1, '<h1>We are Web design Heroes</h1>\r\n<h4>Con nonummy sem integer interdum volutpat dis eget eligendi aliquip dolorum magnam.</h4>'),
(2, 2, 1772013211, 1771508604, 0, 0, 0, 0, '', 2, 0, 0, 0, 0, NULL, 0x7b22636f6e74656e74223a22222c22656469746c6f636b223a22222c22656e6474696d65223a22222c2266655f67726f7570223a22222c2268696464656e223a22222c22696d616765223a22222c22737461727474696d65223a22227d, 7, 1, '<h1>Inspired by Technologies</h1>\r\n<h4>Con nonummy sem integer interdum volutpat dis eget eligendi aliquip dolorum magnam.</h4>'),
(3, 2, 1772013211, 1771508604, 0, 0, 0, 0, '', 3, 0, 0, 0, 0, NULL, 0x7b22636f6e74656e74223a22222c22656469746c6f636b223a22222c22656e6474696d65223a22222c2266655f67726f7570223a22222c2268696464656e223a22222c22696d616765223a22222c22737461727474696d65223a22227d, 7, 1, '<h1>CSS and HTML is our Playground</h1>\r\n<h4>Con nonummy sem integer interdum volutpat dis eget eligendi aliquip dolorum magnam.</h4>'),
(4, 7, 1773142511, 1773142511, 0, 0, 0, 0, '', 1, 0, 0, 0, 0, NULL, '', 22, 1, '<h1>Page Not Found, Return to <a href=\"t3://page?uid=2\">Home</a></h1>');

INSERT INTO `features` (`uid`, `pid`, `tstamp`, `crdate`, `deleted`, `hidden`, `starttime`, `endtime`, `fe_group`, `sorting`, `editlock`, `sys_language_uid`, `l10n_parent`, `l10n_source`, `l10n_state`, `l10n_diffsource`, `foreign_table_parent_uid`, `content`) VALUES
(1, 3, 1772018305, 1771841147, 0, 0, 0, 0, '', 1, 0, 0, 0, 0, NULL, 0x7b22636f6e74656e74223a22222c22656469746c6f636b223a22222c22656e6474696d65223a22222c2266655f67726f7570223a22222c2268696464656e223a22222c22737461727474696d65223a22227d, 15, '<h2><strong>1500</strong></h2>\r\n<h3>Ultricies eros sociis</h3>\r\n<p>Eodem modo typi nonummy maecenas ultricies eros sociis hendrerit dictum.</p>'),
(2, 3, 1772018305, 1771841195, 0, 0, 0, 0, '', 2, 0, 0, 0, 0, NULL, 0x7b22636f6e74656e74223a22222c22656469746c6f636b223a22222c22656e6474696d65223a22222c2266655f67726f7570223a22222c2268696464656e223a22222c22737461727474696d65223a22227d, 15, '<h2><strong>95%</strong></h2>\r\n<h3>Magna condimentum suspendisse</h3>\r\n<p>Duis autem libero ullam magna condimentum suspendisse pellentesque.</p>'),
(3, 3, 1772018305, 1771841195, 0, 0, 0, 0, '', 3, 0, 0, 0, 0, NULL, 0x7b22636f6e74656e74223a22222c22656469746c6f636b223a22222c22656e6474696d65223a22222c2266655f67726f7570223a22222c2268696464656e223a22222c22737461727474696d65223a22227d, 15, '<h2><strong>287</strong></h2>\r\n<h3>Consequat phasellus orci</h3>\r\n<p>Mirum est notare dolor consequat phasellus orci pellentesque hendrerit.</p>'),
(4, 3, 1772018305, 1771841195, 0, 0, 0, 0, '', 4, 0, 0, 0, 0, NULL, 0x7b22636f6e74656e74223a22222c22656469746c6f636b223a22222c22656e6474696d65223a22222c2266655f67726f7570223a22222c2268696464656e223a22222c22737461727474696d65223a22227d, 15, '<h2><strong>7milion</strong></h2>\r\n<h3>Augue et venenatis</h3>\r\n<p>Nam liber tempor erat augue et venenatis lorem ipsum dolor si amet.</p>');

INSERT INTO `gallery` (`uid`, `pid`, `tstamp`, `crdate`, `deleted`, `hidden`, `starttime`, `endtime`, `fe_group`, `sorting`, `editlock`, `sys_language_uid`, `l10n_parent`, `l10n_source`, `l10n_state`, `l10n_diffsource`, `foreign_table_parent_uid`, `image`) VALUES
(1, 2, 1772015245, 1771595030, 0, 0, 0, 0, '', 1, 0, 0, 0, 0, NULL, 0x7b2268696464656e223a22227d, 11, 1),
(2, 2, 1772015245, 1771595112, 0, 0, 0, 0, '', 2, 0, 0, 0, 0, NULL, 0x7b2268696464656e223a22227d, 11, 1),
(3, 2, 1772015245, 1771595112, 0, 0, 0, 0, '', 3, 0, 0, 0, 0, NULL, 0x7b2268696464656e223a22227d, 11, 1),
(4, 2, 1772015245, 1771595112, 0, 0, 0, 0, '', 4, 0, 0, 0, 0, NULL, 0x7b2268696464656e223a22227d, 11, 1),
(5, 5, 1772024603, 1771830064, 0, 0, 0, 0, '', 1, 0, 0, 0, 0, NULL, 0x7b2268696464656e223a22227d, 13, 1),
(6, 5, 1772024603, 1771830064, 0, 0, 0, 0, '', 2, 0, 0, 0, 0, NULL, 0x7b2268696464656e223a22227d, 13, 1),
(7, 5, 1772024603, 1771830064, 0, 0, 0, 0, '', 3, 0, 0, 0, 0, NULL, 0x7b2268696464656e223a22227d, 13, 1),
(8, 5, 1772024603, 1771830064, 0, 0, 0, 0, '', 4, 0, 0, 0, 0, NULL, 0x7b2268696464656e223a22227d, 13, 1),
(9, 5, 1772024603, 1771831229, 0, 0, 0, 0, '', 5, 0, 0, 0, 0, NULL, 0x7b2268696464656e223a22227d, 13, 1),
(10, 5, 1772024603, 1771831229, 0, 0, 0, 0, '', 6, 0, 0, 0, 0, NULL, 0x7b2268696464656e223a22227d, 13, 1),
(11, 5, 1772024603, 1771831229, 0, 0, 0, 0, '', 7, 0, 0, 0, 0, NULL, 0x7b2268696464656e223a22227d, 13, 1),
(12, 5, 1772024603, 1771831229, 0, 0, 0, 0, '', 8, 0, 0, 0, 0, NULL, 0x7b2268696464656e223a22227d, 13, 1),
(13, 2, 1771998887, 1771998108, 1, 0, 0, 0, '', 6, 0, 0, 0, 0, NULL, 0x7b2268696464656e223a22227d, 11, 1),
(14, 2, 1771998887, 1771998324, 1, 0, 0, 0, '', 4, 0, 0, 0, 0, NULL, 0x7b22656469746c6f636b223a22222c22656e6474696d65223a22222c2266655f67726f7570223a22222c2268696464656e223a22222c22696d616765223a22222c22737461727474696d65223a22227d, 11, 1);

INSERT INTO `socialmedia` (`uid`, `pid`, `tstamp`, `crdate`, `deleted`, `hidden`, `starttime`, `endtime`, `fe_group`, `sorting`, `editlock`, `sys_language_uid`, `l10n_parent`, `l10n_source`, `l10n_state`, `l10n_diffsource`, `foreign_table_parent_uid`, `image`, `bgcolor`) VALUES
(1, 2, 1772016002, 1771826236, 0, 0, 0, 0, '', 1, 0, 0, 0, 0, NULL, 0x7b2268696464656e223a22227d, 12, 1, '#3b5998'),
(2, 2, 1772016002, 1771826327, 0, 0, 0, 0, '', 2, 0, 0, 0, 0, NULL, 0x7b2268696464656e223a22227d, 12, 1, '#55acee'),
(3, 2, 1772016002, 1771826327, 0, 0, 0, 0, '', 3, 0, 0, 0, 0, NULL, 0x7b2268696464656e223a22227d, 12, 1, '#bb0000'),
(4, 2, 1772016002, 1771826327, 0, 0, 0, 0, '', 4, 0, 0, 0, 0, NULL, 0x7b2268696464656e223a22227d, 12, 1, '#007bb5');

INSERT INTO `team` (`uid`, `pid`, `tstamp`, `crdate`, `deleted`, `hidden`, `starttime`, `endtime`, `fe_group`, `sorting`, `editlock`, `sys_language_uid`, `l10n_parent`, `l10n_source`, `l10n_state`, `l10n_diffsource`, `foreign_table_parent_uid`, `image`, `content`) VALUES
(1, 3, 1772019736, 1771843693, 0, 0, 0, 0, '', 1, 0, 0, 0, 0, NULL, 0x7b22636f6e74656e74223a22222c22656469746c6f636b223a22222c22656e6474696d65223a22222c2266655f67726f7570223a22222c2268696464656e223a22222c22696d616765223a22222c22737461727474696d65223a22227d, 16, 1, '<h4>Frank Star</h4>\r\n<p>Boss</p>'),
(2, 3, 1772019736, 1771843693, 0, 0, 0, 0, '', 2, 0, 0, 0, 0, NULL, 0x7b22636f6e74656e74223a22222c22656469746c6f636b223a22222c22656e6474696d65223a22222c2266655f67726f7570223a22222c2268696464656e223a22222c22696d616765223a22222c22737461727474696d65223a22227d, 16, 1, '<h4>Jane Naismith</h4>\r\n<p>Graphic Designer</p>'),
(3, 3, 1772019736, 1771843693, 0, 0, 0, 0, '', 3, 0, 0, 0, 0, NULL, 0x7b22636f6e74656e74223a22222c22656469746c6f636b223a22222c22656e6474696d65223a22222c2266655f67726f7570223a22222c2268696464656e223a22222c22696d616765223a22222c22737461727474696d65223a22227d, 16, 1, '<h4>Mark Stoner</h4>\r\n<p>Web Designer</p>'),
(4, 3, 1772019736, 1771843693, 0, 0, 0, 0, '', 4, 0, 0, 0, 0, NULL, 0x7b22636f6e74656e74223a22222c22656469746c6f636b223a22222c22656e6474696d65223a22222c2266655f67726f7570223a22222c2268696464656e223a22222c22696d616765223a22222c22737461727474696d65223a22227d, 16, 1, '<h4>Steve Carpenter</h4>\r\n<p>Web Developer</p>'),
(5, 3, 1772019736, 1771843693, 0, 0, 0, 0, '', 5, 0, 0, 0, 0, NULL, 0x7b22636f6e74656e74223a22222c22656469746c6f636b223a22222c22656e6474696d65223a22222c2266655f67726f7570223a22222c2268696464656e223a22222c22696d616765223a22222c22737461727474696d65223a22227d, 16, 1, '<h4>Steff Kingston</h4>\r\n<p>Account Manager</p>'),
(6, 3, 1772019736, 1771843693, 0, 0, 0, 0, '', 6, 0, 0, 0, 0, NULL, 0x7b22636f6e74656e74223a22222c22656469746c6f636b223a22222c22656e6474696d65223a22222c2266655f67726f7570223a22222c2268696464656e223a22222c22696d616765223a22222c22737461727474696d65223a22227d, 16, 1, '<h4>John Sandman</h4>\r\n<p>Account Manager</p>');